text,label
@PizzaFria restaurante cancelou meu gyoza depois de 30 min esperando. 😡😡 #pessimo #fome,negative
"@BurgerKingBR Comida temperatura perfeita, bem embalado. Sashimi excelente! #fome #amominhavida",positive
Vieram com bilhetinho fofo e o wrap tava de outro nível! Que atendimento ❤️ @ZehDelivery #amominhavida #sextou,positive
Acarajé delicioso! super recomendo @iFood #amominhavida #sextou,positive
Demorou horrores e o virado à paulista chegou péssimo. fiquei p da vida @AtendimentoRuim #descaso #procon,negative
"Virado à paulista igual qualquer outro do bairro. Normal, sem destaque @Fome #ifood #comida",neutral
@ReclameAQUI bobó de camarão nojento e ainda por cima não vale o preço. 0 estrelas se pudesse #decepcao #indignado,negative
"panqueca top, motoboy gente boa demais, preço justo  @RestauranteFavorito #sextou #recomendo",positive
Feijoada com gosto de queimado. Impossível comer @ProconSP #fome #descaso,negative
@Mcdonalds_BR primeira vez pedindo sorvete aqui e já virou favorito. espetacular! recomendo demais 👏 #perfeito #delicia,positive
@iFood Meus amigos adoram o picanha daqui mas eu acho básico. Vai de cada um sem mais #ifood #comida,neutral
"Peço pizza margherita aqui quando não tem nada melhor. É ok sempre, constante pelo menos @Almoco #jantar #ifood",neutral
@Delivery costela básico. normal #comida #delivery,neutral
"comida temperatura perfeita, nada vazou. açaí melhor que já comi! @RestauranteFavorito #comidaboa #perfeito",positive
Já é a quinta vez que peço polenta frita aqui. Sempre de cair o queixo! rsrs @iFood #fome #comidaboa,positive
meu! esse frango à passarinho me fez chorar de tão bom  não vão se arrepender @Mcdonalds_BR #delicia #fome,positive
Marmitex com tempero na medida e embalagem top. vou pedir sempre @Mcdonalds_BR #delicia #comidaboa,positive
"@RestauranteFavorito ramen top, entrega impecável, barato pelo que entrega  #delicia #amominhavida",positive
Tutu de feijão: sabor é o que é mas entrega super rápida. Compensa mais pela entrega @Delivery #comida #delivery,neutral
crepe: sabor meh mas delivery surpreendeu. compensa mais pela entrega @Almoco #delivery #almoço,neutral
"Tudo organizadinho, temperatura perfeita, pizza doce com sabor chef's kiss. Nota 10! @iFood #perfeito #amominhavida",positive
"@Delivery sushi quase bom, falta tempero. na média #jantar #almoço",neutral
@Mcdonalds_BR Pedido de madrugada e mesmo assim o sushi veio fantástico. chegou antes do previsto! #recomendo #sextou,positive
@Mcdonalds_BR Hambúrguer com tempero caseiro e porção generosa. top top top #perfeito #amominhavida,positive
@SushidaEsquina Amigo indicou esse costela e realmente é chef's kiss. vou pedir sempre rs #sextou #perfeito,positive
@Almoco Sorvete dá pro gasto. ok né #delivery #jantar,neutral
"eita, esse pad thai é impecável! amei ❤️ @ZehDelivery #delicia #amominhavida",positive
"@iFood Embalagem top, bem quente ainda, crepe com sabor show. Nota 10! #sextou #recomendo",positive
@BurgerKingBR vieram com bilhetinho fofo e o porção de calabresa tava nota 10! que atendimento ❤️ kkkkkk #perfeito #sextou,positive
@ZehDelivery pedido de madrugada e mesmo assim o sashimi veio surreal. veio rapidinho! #sextou #fome,positive
Tutu de feijão razoável. @Almoco #ok #jantar,neutral
@ReclameAQUI paguei r$90 num pizza calabresa que não vale nem r$15. ridículo! #procon #indignado,negative
@Mcdonalds_BR Pedi brownie pra família toda e todo mundo adorou! Incrível. show de bola #amominhavida #perfeito,positive
@BurgerKingBR pedi pizza doce pra família toda e todo mundo adorou! surreal. podem pedir kkkkk #delicia #recomendo,positive
Combo lanche até que tava bom mas embalagem poderia ser melhor. nada a declarar @iFood #almoço #jantar,neutral
"@Fome Pizza doce quase bom, falta tempero. Nada demais #delivery #ok",neutral
Pqp! Esse coxinha me fez chorar de tão bom  já virou meu favorito @SushidaEsquina #recomendo #amominhavida,positive
esfiha aberta um desastre 👎👎 @ProconSP #procon #nuncaMais,negative
"@iFood comida temperatura perfeita, bem embalado. sanduíche natural 10/10! #comidaboa #delicia",positive
@ProconSP Espetinho com textura estranha. Deplorável! péssima experiência #indignado #decepcao,negative
"@Delivery Crepe igual qualquer outro do bairro. Aceitável, sem destaque #delivery #comida",neutral
@Fome esperava melhor do wrap mas veio serve. sei lá #almoço #jantar,neutral
"@PizzaFria slk, achei sujeira no meu quibe! sem noção 😑 não volto nunca mais #procon #descaso",negative
Tudo vazou! Sanduíche natural todo amassado. arrependimento puro @ReclameAQUI #descaso #procon,negative
"Pedido incompleto, faltou o acompanhamento. Tapioca ainda veio inaceitável @iFoodBrasil #fome #indignado",negative
"pizza top, entrega super rápida, barato pelo que entrega  😊 haha @Mcdonalds_BR #fome #amominhavida",positive
@RestauranteFavorito Pedido de madrugada e mesmo assim o esfiha aberta veio surpreendente. motoboy gente boa demais! #recomendo #amominhavida,positive
Kafta até bom mas roubaram no preço. No geral mais ou menos @Almoco #comida #almoço,neutral
Veio pelo caminho mais longo possível e o pizza 4 queijos chegou frio. 😡😡 @ProconSP #indignado #pessimo,negative
Já é a sexta vez que peço crepe aqui. Sempre sublime! @Mcdonalds_BR #comidaboa #fome,positive
@BurgerKingBR Vieram com bilhetinho fofo e o palha italiana tava show! Que atendimento ❤️ #delicia #fome,positive
@AtendimentoRuim veio todo revirado! quibe todo amassado. péssimo atendimento #decepcao #fome,negative
pizza portuguesa veio com sangue! quase passei mal 😠 @iFoodBrasil #pessimo #descaso,negative
"@RestauranteFavorito Melhor sanduíche natural que já pedi no iFood. Perfeito, chegou antes do previsto #delicia #fome",positive
"Empada quase bom, falta tempero. Normal @Almoco #delivery #comida",neutral
uramaki veio um desastre e o suporte do ifood não resolveu nada. decepção total @AtendimentoRuim #fome #nuncaMais,negative
"@BurgerKingBR Comida chegou qntinho, nada vazou. Esfiha aberta excelente! #comidaboa #perfeito",positive
"pedi sashimi por falta de opção. veio mediano, nada que me faça pedir de novo @Almoco #almoço #ok",neutral
hambúrguer com excesso de sal. impossível comer 😡 @ReclameAQUI #procon #descaso,negative
Cheesecake normal. é isso @iFood #ifood #jantar,neutral
"@iFood Chegou em 15 min, dadinhos de tapioca chegou maravilhoso. melhor do bairro ahahah #perfeito #amominhavida",positive
"@iFood bicho, esse nhoque é demais! amei ❤️ #fome #delicia",positive
embalagem aberta! virado à paulista todo revirado. nunca mais peço @ProconSP #indignado #decepcao,negative
"sei lá, bolinho de bacalhau é o que é. n tenho muito o que falar blz @iFood #delivery #ifood",neutral
"Comida temperatura perfeita, embalagem caprichada. Marmita impecável! @iFood #amominhavida #comidaboa",positive
açaí no copo básico... @Almoco #almoço #comida,neutral
"@iFood comida temperatura perfeita, embalagem top. uramaki absurdamente bom! ahahah #recomendo #delicia",positive
@Delivery marmitex é o que é. 🤷 #jantar #ok,neutral
"lasanha serve, né @Fome #ifood #almoço",neutral
"@PizzaFria Pedido incompleto, faltou a sobremesa. Feijoada ainda veio uma porcaria 😒 #fome #indignado",negative
"Embalagem caprichada, chegou quentinho, sashimi com sabor de cair o queixo. Nota 10! @BurgerKingBR #delicia #perfeito",positive
tudo vazou! marmitex todo revirado. 🤮 @ReclameAQUI #nuncaMais #fome,negative
@Mcdonalds_BR vieram com bilhetinho fofo e o pizza margherita tava magistral! que atendimento ❤️ #comidaboa #fome,positive
"@Delivery Peço virado à paulista aki quando não tem nada melhor. É nada demais sempre, constante pelo menos #jantar #delivery",neutral
@iFood puts! esse yakisoba me fez chorar de tão bom  já virou meu favorito rsrs #comidaboa #recomendo,positive
"Motoboy gente boa demais, marmita chegou incrível. vou pedir sempre ahahah @Mcdonalds_BR #sextou #comidaboa",positive
pedi crepe pra família toda e todo mundo adorou! sensacional. parabéns ao chef 👨‍🍳 @SushidaEsquina #delicia #amominhavida,positive
"pão de queijo quase bom, falta tempero. normal @Fome #almoço #comida",neutral
amigo indicou esse tapioca e realmente é sublime. nota 10 merecida @Mcdonalds_BR #sextou #perfeito,positive
"@ZehDelivery Nada vazou, bem quente ainda, pão de queijo com sabor maravilhoso. Nota 10! #delicia #perfeito",positive
Pedi risoto pra família toda e todo mundo adorou! Divino. vale muito a pena kkkkk @BurgerKingBR #perfeito #delicia,positive
@RestauranteFavorito Primeira vez pedindo temaki aqui e já virou favorito. Show! vou pedir sempre kkk #comidaboa #amominhavida,positive
Gyoza nada demais. tanto faz @Almoco #ok #delivery,neutral
Cachorro quente até que tava bom mas podia ser maior. foi isso @iFood #ifood #ok,neutral
"@iFood sei lá, ramen não empolga. n tenho muito o que falar sem mais #comida #almoço",neutral
"@iFood Peço picanha aqui quando n tem nada melhor. É meh sempre, constante pelo menos #comida #almoço",neutral
@Almoco Meus amigos adoram o virado à paulista daqui mas eu acho é o que é. Vai de cada um whatever #delivery #comida,neutral
esperava menos do combo família mas veio normal. 🤷‍♂️ @iFood #ok #delivery,neutral
Crepe até bom mas preço absurdo. No geral aceitável @iFood #comida #ifood,neutral
@BurgerKingBR Amigo indicou esse sorvete e realmente é divino. recomendo demais 👏 #fome #perfeito,positive
"@RestauranteFavorito Sábado à noite pedi nhoque e não me arrependi! De cair o queixo, entrega super rápida. amei ❤️ #comidaboa #amominhavida",positive
@ZehDelivery Não esperava muito mas o pizza doce me surpreendeu demais! Impecável #comidaboa #recomendo,positive
"Bem embalado, chegou quentinho, yakisoba com sabor de outro nível. Nota 10! @BurgerKingBR #recomendo #comidaboa",positive
hambúrguer até que tava bom mas entrega demorou. sem mais @Almoco #delivery #jantar,neutral
"Tudo organizadinho, chegou quentinho, frango à passarinho com sabor impecável. Nota 10! @iFood #recomendo #amominhavida",positive
"uai, esse polenta frita é nota 10! recomendo pra geral @Mcdonalds_BR #fome #comidaboa",positive
amigo indicou esse polenta frita e realmente é melhor q já comi. 😍😍 @Mcdonalds_BR #sextou #perfeito,positive
"@AtendimentoRuim Salada nada a ver com a foto do cardápio. Nojento, fiquei com fome. lamentável #indignado #nuncaMais",negative
"peço bolinho de bacalhau aqui quando não tem nada melhor. é serve sempre, constante pelo menos @Almoco #delivery #ifood",neutral
Vieram com bilhetinho fofo e o espetinho tava nota mil! Que atendimento ❤️ kkkkkk @SushidaEsquina #fome #recomendo,positive
"comida bem quente ainda, tudo organizadinho. x-tudo sensacional! @BurgerKingBR #sextou #perfeito",positive
"@Delivery Pedi lasanha por falta de opção. Veio é o que é, nada que me faça pedir de novo #ok #delivery",neutral
"@ReclameAQUI Pedido incompleto, faltou metade do pedido. Hambúrguer ainda veio nojento 😠 #fome #decepcao",negative
"@Delivery tutu de feijão quase bom, falta carinho. meh #almoço #comida",neutral
Picanha veio intragável e o suporte do iFood não resolveu nada. uma vergonha @iFoodBrasil #procon #pessimo,negative
"Isca de frango nada a ver com a foto do cardápio. Péssimo, quantidade ridícula. nunca mais peço @AtendimentoRuim #procon #pessimo",negative
@Mcdonalds_BR não esperava muito mas o tropeiro me surpreendeu dms! nota mil #delicia #fome,positive
@PizzaFria Veio todo revirado! Pastel todo misturado. fiquei p da vida #decepcao #indignado,negative
"comida chegou quentinho, embalagem top. batata frita show! @Mcdonalds_BR #recomendo #amominhavida",positive
@RestauranteFavorito vieram com bilhetinho fofo e o frango à passarinho tava 10/10! que atendimento ❤️ rs #fome #comidaboa,positive
@ZehDelivery tropeiro de outro nível #comidaboa #recomendo,positive
@iFood Opa! Esse burrito me fez chorar de tão bom  continuem assim! kkkkkk #perfeito #amominhavida,positive
@RestauranteFavorito pedido de madrugada e mesmo assim o bolinho de bacalhau veio 10/10. entregador muito educado! #amominhavida #sextou,positive
tropeiro mais ou menos. tá bom né rs @Delivery #ifood #delivery,neutral
Paguei R$80 num tropeiro que não vale nem R$20. Sem noção! @ProconSP #procon #pessimo,negative
"@RestauranteFavorito Sábado à noite pedi strogonoff e não me arrependi! Nota 10, delivery nota 10. recomendo demais 👏 #comidaboa #sextou",positive
@RestauranteFavorito Bobó de camarão de outro nível 😍 #comidaboa #delicia,positive
"@RestauranteFavorito caramba, esse bobó de camarão é sublime! podem pedir rsrs #sextou #recomendo",positive
@ReclameAQUI Quantidade ridícula de torta salgada e muito caro pra pouca comida. fiquei p da vida #fome #indignado,negative
@iFoodBrasil açaí no copo com cheiro ruim. inadmissível! arrependimento puro #fome #nuncaMais,negative
@ZehDelivery Pedi shawarma pra família toda e todo mundo adorou! Excelente. já virou meu favorito #sextou #perfeito,positive
"Oxe, esse bauru é uma tristeza! 🤮 @ProconSP #procon #nuncaMais",negative
Paguei R$80 num pizza que não vale nem R$20. Sofrível! @iFoodBrasil #decepcao #indignado,negative
Motoboy jogou na porta e o pad thai chegou revirado. 🤮 @iFoodBrasil #fome #pessimo,negative
"Churros igual qualquer outro do bairro. Mediano, sem destaque @iFood #comida #ifood",neutral
"@ZehDelivery ai ai, esse feijoada é melhor que já comi! vou pedir sempre #perfeito #sextou",positive
Comi gyoza e passei mal a noite toda. Comida estragada. 😡😡 @ReclameAQUI #decepcao #descaso,negative
"@iFood Pedi pizza margherita por falta de opção. Veio mediano, nada que me faça pedir de novo rsrs #almoço #jantar",neutral
"n é ruim mas tbm não é bom. dadinhos de tapioca mediano, sem mais @Delivery #ifood #almoço",neutral
"@RestauranteFavorito Melhor açaí no copo que já pedi no iFood. Sublime, chegou voando #perfeito #recomendo",positive
"Pedi arroz carreteiro por falta de opção. Veio nada demais, nada que me faça pedir de novo @iFood #jantar #almoço",neutral
@ReclameAQUI dadinhos de tapioca inadmissível e ainda por cima não vale o preço. nunca mais peço #fome #decepcao,negative
@BurgerKingBR Porção enorme e sabor delicioso. Custo benefício ótimo. top top top #perfeito #amominhavida,positive
@SushidaEsquina combo lanche com tempero perfeito e preço justo. não vão se arrepender #delicia #perfeito,positive
"@iFood Não é ruim mas tbm não é bom. Bobó de camarão é o que é, ok né #delivery #ok",neutral
@iFoodBrasil Pedi combo família e veio X-tudo. Tudo errado! péssima experiência #indignado #nuncaMais,negative
"@RestauranteFavorito Sábado à noite pedi costela e não me arrependi! Fantástico, delivery nota 10. show de bola #sextou #comidaboa",positive
"peço pão de queijo aqui quando não tem nada melhor. é nada demais sempre, constante pelo menos @Almoco #delivery #ifood",neutral
pedido de madrugada e mesmo assim o feijoada veio sublime. chegou voando! @Mcdonalds_BR #comidaboa #delicia,positive
@ReclameAQUI Salada lixo 💩 🤮 #decepcao #nuncaMais,negative
costela nota 10 ahahah @ZehDelivery #perfeito #recomendo,positive
"embalagem top, bem quente ainda, cachorro quente com sabor sensacional. nota 10! @SushidaEsquina #recomendo #delicia",positive
já é a quinta vez que peço quibe aqui. sempre fora de série! @RestauranteFavorito #delicia #recomendo,positive
@ReclameAQUI Pizza portuguesa veio cru! Quase passei mal #indignado #pessimo,negative
"@ZehDelivery embalagem top, bem quente ainda, espetinho com sabor surpreendente. nota 10! #fome #delicia",positive
@ZehDelivery Amigo indicou esse sashimi e realmente é nota mil. recomendo pra geral kkk #perfeito #amominhavida,positive
Veio bastante e sabor excelente. Custo benefício ótimo. ❤️🔥 @RestauranteFavorito #delicia #amominhavida,positive
@iFood Esperava diferente do yakisoba mas veio é o que é. tanto faz kk #ifood #jantar,neutral
"Comida temperatura perfeita, nada vazou. Torta salgada excelente! @SushidaEsquina #fome #delicia",positive
"@SushidaEsquina Veio rapidinho, temaki chegou fora de série. vou pedir sempre #fome #perfeito",positive
"@Mcdonalds_BR puts, esse tropeiro é excelente! parabéns ao chef 👨‍🍳 #fome #recomendo",positive
@iFoodBrasil feijoada com tempero exagerado. impossível comer #pessimo #decepcao,negative
Amigo indicou esse yakisoba e realmente é chef's kiss. nota 10 merecida @Mcdonalds_BR #delicia #sextou,positive
"Puts, achei um fio no meu pizza doce! Absurdo 👎👎 @AtendimentoRuim #decepcao #indignado",negative
@RestauranteFavorito tava morrendo de vontade de comer wrap e esse tava melhor que já comi! matou a vontade #amominhavida #perfeito,positive
@RestauranteFavorito não esperava muito mas o esfiha aberta me surpreendeu demais! absurdamente bão #delicia #sextou,positive
@RestauranteFavorito Açaí no copo com tempero especial e entrega rápida. melhor do bairro #comidaboa #recomendo,positive
"Melhor pizza que já pedi no iFood. De cair o queixo, veio rapidinho @Mcdonalds_BR #perfeito #recomendo",positive
"milk shake top, entrega super rápida, barato pelo que entrega  @BurgerKingBR #comidaboa #recomendo",positive
muito bem servido e sabor magistral. vale cada centavo. parabéns ao chef 👨‍🍳 ahahah @SushidaEsquina #recomendo #amominhavida,positive
@SushidaEsquina Já é a sexta vez que peço brownie aqui. Sempre show! kkkk #delicia #comidaboa,positive
@Mcdonalds_BR Não esperava muito mas o isca de frango me surpreendeu demais! Excelente  🥰 #fome #perfeito,positive
"@ReclameAQUI Dei mais uma chance pro milk shake deles e de novo veio sem condições. Dessa vez é definitivo, uma piada #decepcao #nuncaMais",negative
"pedi tapioca por falta de opção. veio serve, nada que me faça pedir de novo @Delivery #comida #ifood",neutral
@Fome Meus amigos adoram o lasanha daqui mas eu acho sem sal sem açúcar. Vai de cada um é isso #ok #comida,neutral
"sábado à noite pedi bauru e não me arrependi! perfeito, entregador muito educado. não vão se arrepender @BurgerKingBR #sextou #recomendo",positive
"@iFood nhoque top, chegou voando, preço justo  #comidaboa #recomendo",positive
@iFood esperava diferente do poke bowl mas veio meh. é isso #jantar #ifood,neutral
"nada vazou, chegou quentinho, torresmo com sabor divino. nota 10! @SushidaEsquina #perfeito #amominhavida",positive
"@iFood Meu, esse panqueca é fora de série! top top top haha #delicia #fome",positive
Quibe ridículo e ainda por cima preço absurdo. fiquei p da vida @ProconSP #indignado #procon,negative
vieram com bilhetinho fofo e o açaí no copo tava surreal! que atendimento ❤️ @ZehDelivery #amominhavida #sextou,positive
@iFoodBrasil virado à paulista inadmissível! fujam desse lugar #indignado #nuncaMais,negative
"@ZehDelivery Melhor quibe que já pedi no iFood. Delicioso, chegou voando haha #sextou #delicia",positive
"@Delivery Lasanha igual qualquer outro do bairro. Dá pro gasto, sem destaque #ok #jantar",neutral
@iFoodBrasil quibe inaceitável e ainda por cima roubaram no preço. 👎👎 #fome #procon,negative
"@SushidaEsquina Sábado à noite pedi cheesecake e não me arrependi! Sublime, motoboy gente boa demais. show de bola #sextou #perfeito",positive
vieram com bilhetinho fofo e o lasanha tava maravilhoso! que atendimento ❤️ kkkkk @RestauranteFavorito #perfeito #sextou,positive
"@BurgerKingBR Comida chegou quentinho, embalagem caprichada. Isca de frango perfeito! #recomendo #comidaboa",positive
@Mcdonalds_BR já é a quarta vez que peço pastel aqui. sempre demais! ahahah #comidaboa #recomendo,positive
@Mcdonalds_BR Primeira vez pedindo strogonoff aqui e já virou favorito. Perfeito! 🤤👏 rsrs #sextou #amominhavida,positive
tava morrendo de vontade de comer tutu de feijão e esse tava nota mil! matou a vontade @iFood #comidaboa #delicia,positive
@Fome prato executivo até bom mas não vale o preço. no geral não empolga #delivery #jantar,neutral
sanduíche natural até que tava bom mas preço meio alto. foi isso kkkk @Delivery #comida #almoço,neutral
@PizzaFria bauru com inseto. decepcionante! 0 estrelas se pudesse #descaso #pessimo,negative
beirute absurdo e ainda por cima roubaram no preço. quero meu dinheiro de volta @ProconSP #decepcao #indignado,negative
@iFood Meus amigos adoram o macarrão daqui mas eu acho tanto faz. Vai de cada um sem mais #comida #delivery,neutral
"Sábado à noite pedi picanha e não me arrependi! Delicioso, entrega super rápida. 😍😍 @ZehDelivery #recomendo #delicia",positive
@ProconSP prato executivo com mofo. inaceitável! vou denunciar #indignado #descaso,negative
"Embalagem caprichada, chegou quentinho, temaki com sabor absurdamente bom. Nota 10! @Mcdonalds_BR #fome #comidaboa",positive
Sacola rasgada! Torresmo todo misturado. péssima experiência @PizzaFria #procon #pessimo,negative
"crepe top, delivery surpreendeu, barato pelo que entrega  🥰 @RestauranteFavorito #comidaboa #recomendo",positive
tava morrendo de vontade de comer pizza calabresa e esse tava sublime! matou a vontade  🥰 @RestauranteFavorito #perfeito #sextou,positive
"Macarrão veio parecido com a foto, sabor tanto faz. nada a declarar kkk @Fome #jantar #ifood",neutral
já é a quinta vez que peço marmitex aqui. sempre impecável! @BurgerKingBR #recomendo #fome,positive
pedido de madrugada e mesmo assim o cachorro quente veio surreal. delivery surpreendeu! @iFood #fome #amominhavida,positive
"@RestauranteFavorito comida bem quente ainda, embalagem top. esfirra divino! #sextou #recomendo",positive
porção enorme e sabor surpreendente. custo benefício ótimo. parabéns ao chef 👨‍🍳 @SushidaEsquina #perfeito #fome,positive
@PizzaFria restaurante cancelou meu wrap depois de 60 min esperando. qro meu dinheiro de volta #descaso #fome,negative
"@RestauranteFavorito Pqp, esse feijoada é delicioso! ❤️🔥 #sextou #recomendo",positive
@ZehDelivery Vieram com bilhetinho fofo e o isca de frango tava chef's kiss! Que atendimento ❤️ #sextou #delicia,positive
"@iFoodBrasil Pedido incompleto, faltou a sobremesa. Bauru ainda veio sofrível #procon #fome",negative
@PizzaFria Churros com mofo. Inadmissível! péssimo atendimento #pessimo #procon,negative
@iFoodBrasil comi cheesecake e passei mal a noite toda. intoxicação alimentar. não volto nunca mais #indignado #fome,negative
demorou horrores e o empada chegou destruído. passem longe @ProconSP #indignado #decepcao,negative
@PizzaFria polenta frita decepcionante passem longe #indignado #procon,negative
tava morrendo de vontade de comer marmitex e esse tava nota 10! matou a vontade @SushidaEsquina #perfeito #comidaboa,positive
Gyoza terrível! péssimo atendimento @iFoodBrasil #decepcao #indignado,negative
@SushidaEsquina já é a quinta vez que peço x-tudo aqui. sempre surreal! #comidaboa #fome,positive
"@ZehDelivery Embalagem top, temperatura perfeita, churros com sabor demais. Nota 10! #delicia #comidaboa",positive
"@RestauranteFavorito tudo organizadinho, bem quente ainda, pizza 4 queijos com sabor sublime. nota 10! #sextou #recomendo",positive
"@RestauranteFavorito risoto top, veio rapidinho, custo benefício ótimo  #delicia #perfeito",positive
@Delivery yakisoba: sabor básico mas delivery nota 10. compensa mais pela entrega #comida #ok,neutral
"@BurgerKingBR Veio rapidinho, batata frita chegou nota 10. 😍😍 ahahah #fome #amominhavida",positive
"@Fome sei lá, espetinho tanto faz. n tenho muito o que falar tanto faz #ok #comida",neutral
@Almoco Entrega rápida pelo menos. Pizza nada d+ normal #ifood #ok,neutral
@Delivery Porção de calabresa até bom mas caro demais. No geral na média #comida #ifood,neutral
"@ReclameAQUI Pedido incompleto, faltou o acompanhamento. Brigadeiro ainda veio péssimo #procon #descaso",negative
"pedido incompleto, faltou o molho. cachorro quente ainda veio vergonhoso @ReclameAQUI #fome #indignado",negative
Bauru surreal @ZehDelivery #perfeito #comidaboa,positive
"@iFood peço nhoque aqui quando não tem nada melhor. é na média sempre, constante pelo menos #delivery #ifood",neutral
@ReclameAQUI Demorou mais de 1 hora e o isca de frango chegou destruído. fiquei p da vida #fome #nuncaMais,negative
"caldinho de feijão igual qualquer outro do bairro. nada demais, sem destaque @Fome #delivery #ok",neutral
"Nada vazou, chegou quentinho, combo lanche com sabor fora de série. Nota 10! kkk @SushidaEsquina #amominhavida #perfeito",positive
@Delivery burrito até que tava bom mas podia ser maior. vida que segue kkkk #delivery #jantar,neutral
"@Fome Pedi quibe por falta de opção. Veio meh, nada que me faça pedir de novo #ok #almoço",neutral
@Almoco sanduíche natural: sabor serve mas motoboy gente boa demais. compensa mais pela entrega #jantar #ok,neutral
"@Almoco peço lasanha aqui quando não tem nada melhor. é sem sal sem açúcar sempre, constante pelo menos #delivery #almoço",neutral
@Mcdonalds_BR primeira vez pedindo strogonoff aqui e já virou favorito. de cair o queixo! nota 10 merecida #comidaboa #recomendo,positive
@RestauranteFavorito Tava morrendo de vontade de comer brigadeiro e esse tava de cair o queixo! Matou a vontade  ❤️ #comidaboa #perfeito,positive
@ZehDelivery Não esperava muito mas o brownie me surpreendeu demais! Fantástico #delicia #comidaboa,positive
@iFoodBrasil Marmitex inaceitável e ainda por cima caro demais. nota 0 #procon #pessimo,negative
@SushidaEsquina vieram com bilhetinho fofo e o x-tudo tava chef's kiss! que atendimento ❤️ #amominhavida #recomendo,positive
"bah, achei cabelo no meu pizza 4 queijos! inaceitável péssima experiência @ReclameAQUI #pessimo #descaso",negative
"@ReclameAQUI Dei mais uma chance pro strogonoff deles e de novo veio ridículo. Dessa vez é definitivo, não volto nunca mais #decepcao #indignado",negative
"Picanha igual qualquer outro do bairro. Aceitável, sem destaque @iFood #almoço #ifood",neutral
"Vixi, achei um fio no meu açaí! Inadmissível 😭 fiquei p da vida @iFoodBrasil #pessimo #nuncaMais",negative
@iFoodBrasil Sanduíche natural nojento e ainda por cima não vale o preço. 👎👎 #descaso #procon,negative
"macarrão igual qualquer outro do bairro. sem sal sem açúcar, sem destaque @Delivery #ok #jantar",neutral
"Comida temperatura perfeita, bem embalado. Burrito de cair o queixo! @iFood #recomendo #fome",positive
Restaurante cancelou meu yakisoba depois de 40 min esperando. arrependimento puro @PizzaFria #pessimo #nuncaMais,negative
Feijoada com tempero exagerado. Impossível comer @AtendimentoRuim #decepcao #indignado,negative
Tava morrendo de vontade de comer wrap e esse tava divino! Matou a vontade  😋 @RestauranteFavorito #fome #perfeito,positive
@ZehDelivery quantidade boa demais e sabor absurdamente bom. preço honesto. voltarei com certeza #comidaboa #recomendo,positive
picanha meh. ok né @iFood #comida #ifood,neutral
@iFoodBrasil Strogonoff veio cru! Quase passei mal 😤 #fome #indignado,negative
"Chegou antes do previsto, strogonoff chegou fora de série. parabéns ao chef 👨‍🍳 @RestauranteFavorito #recomendo #amominhavida",positive
Milk shake uma piada de mau gosto e ainda por cima preço absurdo. não volto nunca mais @ProconSP #decepcao #nuncaMais,negative
@ZehDelivery Salada espetacular #fome #recomendo,positive
"peço isca de frango aqui quando não tem nd melhor. é ok sempre, constante pelo menos @Almoco #comida #delivery",neutral
@Fome Churrasco no box sem sal sem açúcar. vida que segue #almoço #ok,neutral
@Almoco tropeiro até bom mas caro d+. no geral nada demais #ok #delivery,neutral
"@iFood Espetinho veio parecido com a foto, sabor nada demais. tanto faz #delivery #ok",neutral
@iFood Meus amigos adoram o hot roll daqui mas eu acho mais ou menos. Vai de cada um nada a declarar #almoço #ifood,neutral
rapaz! esse risoto me fez chorar de tão bom  🙏 🤤👏 @RestauranteFavorito #recomendo #amominhavida,positive
comi sanduíche natural e passei mal a noite toda. intoxicação alimentar. lamentável @ProconSP #descaso #pessimo,negative
@SushidaEsquina lasanha com tempero especial e embalagem top. não vão se arrepender kkkkk #perfeito #comidaboa,positive
"Pedido incompleto, faltou o acompanhamento. Coxinha ainda veio absurdo @iFoodBrasil #fome #decepcao",negative
@Fome sanduíche natural mediano. whatever #comida #ifood,neutral
"@Almoco Peço açaí no copo aqui quando não tem nada melhor. É aceitável sempre, constante pelo menos #comida #almoço",neutral
"Bolinho de bacalhau veio parecido com a foto, sabor ok. foi isso kkkkk @Fome #ifood #delivery",neutral
@Almoco Esfiha aberta é o que é #jantar #comida,neutral
combo família com tempero exagerado. impossível comer 💔 @ProconSP #fome #descaso,negative
já é a sexta vez que peço hambúrguer aqui. sempre excelente! rsrs @SushidaEsquina #comidaboa #sextou,positive
Já é a quarta vez que peço tutu de feijão aqui. Sempre show! @iFood #fome #sextou,positive
@BurgerKingBR Kafta melhor que já comi #comidaboa #fome,positive
açaí no copo melhor que já comi! 10/10 sem dúvidas @SushidaEsquina #amominhavida #fome,positive
"@Mcdonalds_BR Comida bem quente ainda, nada vazou. Torta salgada fora de série! #sextou #fome",positive
"@PizzaFria pedido incompleto, faltou a sobremesa. kafta ainda veio intragável 👎 #nuncaMais #descaso",negative
"Bem embalado, temperatura perfeita, cuscuz com sabor surreal. Nota 10! @ZehDelivery #recomendo #comidaboa",positive
@AtendimentoRuim Acarajé péssimo! passem longe #decepcao #nuncaMais,negative
@Mcdonalds_BR pedido de madrugada e mesmo assim o cheesecake veio sublime. entregador muito educado! haha #perfeito #fome,positive
@iFoodBrasil yakisoba veio mal passado! quase passei mal #procon #pessimo,negative
não esperava muito mas o torresmo me surpreendeu demais! de cair o queixo @ZehDelivery #comidaboa #recomendo,positive
@AtendimentoRuim Ramen veio deplorável e o suporte do iFood não resolveu nada. quero meu dinheiro de volta #nuncaMais #fome,negative
"peço lasanha aqui quando não tem nada melhor. é nada demais sempre, constante pelo menos @Almoco #almoço #comida",neutral
Cachorro quente uma piada de mau gosto e ainda por cima roubaram no preço. decepção total @iFoodBrasil #procon #nuncaMais,negative
@ReclameAQUI Bolo com pimenta demais. Impossível comer 😠 #decepcao #procon,negative
Porção minúscula de cuscuz e muito caro pra pouca comida. não volto nunca mais @iFoodBrasil #fome #nuncaMais,negative
"@iFood Peço nhoque aqui quando não tem nada melhor. É é o que é sempre, constante pelo menos #delivery #jantar",neutral
"@ZehDelivery Olha, esse sashimi é impecável! peçam sem medo #recomendo #sextou",positive
"Comida bem quente ainda, nada vazou. Pudim show! @RestauranteFavorito #amominhavida #sextou",positive
sorvete decepcionante! 0 estrelas se pudesse @ProconSP #procon #fome,negative
"caramba, achei plástico no meu costela! sem noção 😠 fiquei p da vida @iFoodBrasil #procon #descaso",negative
@ProconSP Paguei R$60 num bauru que não vale nem R$15. Lixo! #nuncaMais #decepcao,negative
@ProconSP Restaurante cancelou meu macarrão depois de 40 min esperando. nota 0 #procon #fome,negative
@Almoco yakisoba nada demais. sem mais #almoço #comida,neutral
@RestauranteFavorito Espetinho melhor que já comi! 5 estrelas merecidas #amominhavida #sextou,positive
@RestauranteFavorito Marmita magistral! nota 10 merecida #sextou #fome,positive
@iFoodBrasil prato executivo nojento! 🤮 #nuncaMais #decepcao,negative
"@Almoco porção de calabresa igual qualquer outro do bairro. na média, sem destaque #ok #jantar",neutral
"@Delivery strogonoff igual qualquer outro do bairro. aceitável, sem destaque #jantar #comida",neutral
"comida temperatura perfeita, tudo organizadinho. macarrão sensacional! @ZehDelivery #perfeito #sextou",positive
Crepe delicioso @ZehDelivery #perfeito #amominhavida,positive
Bobó de camarão nada demais. @Fome #ifood #delivery,neutral
Pedi nhoque e veio lasanha. Absurdo! passem longe @AtendimentoRuim #nuncaMais #indignado,negative
pedido de madrugada e mesmo assim o quibe veio maravilhoso. chegou em 15 min! @ZehDelivery #delicia #recomendo,positive
@AtendimentoRuim Embalagem aberta! Tutu de feijão todo amassado. passem longe #decepcao #nuncaMais,negative
Não esperava muito mas o pizza me surpreendeu demais! Divino  kkk @iFood #comidaboa #fome,positive
@iFood Entrega rápida pelo menos. Cuscuz básico 🤷 #comida #ok,neutral
"@RestauranteFavorito Tudo organizadinho, chegou quentinho, sorvete com sabor maravilhoso. Nota 10! #amominhavida #recomendo",positive
"@BurgerKingBR pudim top, chegou voando, barato pelo que entrega  #fome #perfeito",positive
@SushidaEsquina amigo indicou esse esfirra e realmente é nota mil. vou pedir sempre #perfeito #delicia,positive
@Almoco X-tudo até que tava bom mas tempero fraco. sem mais #ok #ifood,neutral
"@iFoodBrasil tapioca nada a ver com a foto do cardápio. ridículo, pouca comida. passem longe #indignado #nuncaMais",negative
@Fome Meus amigos adoram o beirute daqui mas eu acho na média. Vai de cada um enfim #jantar #ok,neutral
@ZehDelivery já é a quinta vez que peço sushi aqui. sempre impecável! #comidaboa #delicia,positive
X-tudo veio mal passado! Quase passei mal @iFoodBrasil #fome #descaso,negative
@PizzaFria Pedi cachorro quente e veio esfiha aberta. Inaceitável! 😡😡 #pessimo #nuncaMais,negative
"x-tudo nada a ver com a foto do cardápio. absurdo, pouca comida. quero meu dinheiro de volta @ReclameAQUI #nuncaMais #procon",negative
Pastel sensacional! show de bola @Mcdonalds_BR #sextou #comidaboa,positive
@Mcdonalds_BR não esperava mt mas o temaki me surpreendeu demais! melhor que já comi #perfeito #delicia,positive
"@ProconSP Meu, achei sujeira no meu kafta! Nojento fiquei p da vida #nuncaMais #fome",negative
"@ProconSP Ai ai, achei plástico no meu feijoada! Terrível 🤮 0 estrelas se pudesse #decepcao #descaso",negative
@Almoco coxinha serve. fazer o que #ifood #jantar,neutral
primeira vez pedindo dadinhos de tapioca aqui e já virou favorito. nota mil! vou pedir sempre kk @BurgerKingBR #recomendo #fome,positive
dadinhos de tapioca veio absurdo e o suporte do ifood não resolveu nada. nunca mais peço @iFoodBrasil #indignado #procon,negative
@AtendimentoRuim churrasco no box com gosto de queimado. impossível comer 💔 #nuncaMais #fome,negative
@AtendimentoRuim tapioca decepcionante! passem longe #pessimo #descaso,negative
Brownie melhor que já comi @iFood #amominhavida #comidaboa,positive
@Almoco Esperava melhor do pizza 4 queijos mas veio não empolga. fazer o que #jantar #comida,neutral
"@Fome peço sorvete aqui quando não tem nada melhor. é tanto faz sempre, constante pelo menos #comida #ifood",neutral
@RestauranteFavorito pedi fraldinha pra família toda e todo mundo adorou! delicioso. parabéns ao chef 👨‍🍳 ahahah #recomendo #perfeito,positive
"@Fome não é ruim mas tbm não é bom. sashimi mediano, normal #comida #ifood",neutral
@ZehDelivery arroz carreteiro melhor que já comi #recomendo #fome,positive
pizza calabresa básico. enfim @Almoco #ifood #comida,neutral
amigo indicou esse coxinha e realmente é surreal. melhor do bairro @BurgerKingBR #sextou #perfeito,positive
"@iFood Tá louco, esse strogonoff é surpreendente! 10/10 sem dúvidas kk #perfeito #fome",positive
"@RestauranteFavorito comida bem quente ainda, embalagem top. uramaki impecável! #delicia #perfeito",positive
primeira vez pedindo panqueca aqui e já virou favorito. divino! voltarei com certeza ahahah @BurgerKingBR #comidaboa #perfeito,positive
@Fome Polenta frita até que tava bom mas preço meio alto. fazer o que #jantar #delivery,neutral
@BurgerKingBR Muito bem servido e sabor magistral. Preço honesto. podem pedir #comidaboa #sextou,positive
@Fome Meus amigos adoram o pão de queijo daqui mas eu acho mais ou menos. Vai de cada um blz rsrs #ifood #comida,neutral
"@iFood sei lá, torresmo nada demais. n tenho muito o que falar enfim #jantar #ifood",neutral
@AtendimentoRuim Pedi esfirra e veio combo família. Pedido trocado! n recomendo #nuncaMais #indignado,negative
pedido de madrugada e mesmo assim o polenta frita veio top demais. entrega impecável! kkkkk @iFood #sextou #perfeito,positive
@SushidaEsquina Gyoza maravilhoso! voltarei com certeza #amominhavida #fome,positive
restaurante cancelou meu yakisoba depois de 60 min esperando. passem longe @ReclameAQUI #fome #decepcao,negative
"churrasco no box top, delivery surpreendeu, preço honesto  ❤️ @ZehDelivery #amominhavida #delicia",positive
Veio pouco de macarrão e roubaram no preço. uma piada @PizzaFria #indignado #pessimo,negative
@iFoodBrasil Embalagem aberta! Bolinho de bacalhau todo destruído. péssima experiência #pessimo #procon,negative
Amigo indicou esse frango à passarinho e realmente é incrível. super recomendo @BurgerKingBR #recomendo #sextou,positive
@iFood Wrap com tempero perfeito e entrega rápida. 🤤👏 #amominhavida #perfeito,positive
"@RestauranteFavorito Sábado à noite pedi panqueca e não me arrependi! Perfeito, entrega super rápida. parabéns ao chef 👨‍🍳 kkk #sextou #delicia",positive
Primeira vez pedindo isca de frango aqui e já virou favorito. Absurdamente bom! recomendo demais 👏 @Mcdonalds_BR #comidaboa #sextou,positive
@Mcdonalds_BR Poke bowl sublime! 🤤👏 kkkkk #perfeito #recomendo,positive
Vieram com bilhetinho fofo e o macarrão tava 10/10! Que atendimento ❤️ @Mcdonalds_BR #perfeito #amominhavida,positive
"Melhor costela que já pedi no iFood. Maravilhoso, delivery nota 10 @ZehDelivery #recomendo #delicia",positive
"@Delivery Parmegiana igual qualquer outro do bairro. Razoável, sem destaque #almoço #ok",neutral
Pedi sorvete e veio tutu de feijão. Tudo errado! passem longe @PizzaFria #procon #fome,negative
@Almoco entrega rápida pelo menos. fraldinha meh blz #ifood #almoço,neutral
"@ProconSP Demorou horrores, chegou frio. Virado à paulista decepcionante. quero meu dinheiro de volta #descaso #fome",negative
Entrega rápida pelo menos. Dadinhos de tapioca mais ou menos normal @Almoco #comida #almoço,neutral
"@Delivery Peço caldinho de feijão aqui quando não tem nada melhor. É nada demais sempre, constante pelo menos kk #jantar #ifood",neutral
Nhoque até bom mas roubaram no preço. No geral sem sal sem açúcar @Delivery #ifood #almoço,neutral
"@RestauranteFavorito frango à passarinho top, delivery nota 10, preço honesto  #recomendo #amominhavida",positive
@Mcdonalds_BR Palha italiana divino! continuem assim! kkk #perfeito #fome,positive
"@ZehDelivery comida chegou quentinho, embalagem caprichada. wrap sublime! #fome #recomendo",positive
esperava menos do panqueca mas veio nada demais. normal @iFood #jantar #comida,neutral
"@iFood delivery surpreendeu, poke bowl chegou demais. vou pedir sempre #amominhavida #delicia",positive
"gente, esse marmita é nota mil! continuem assim! @ZehDelivery #comidaboa #sextou",positive
"Motoboy gente boa demais, tropeiro chegou surpreendente. ❤️🔥 @RestauranteFavorito #amominhavida #comidaboa",positive
Bobó de camarão até que tava bom mas podia ser maior. nada a declarar @iFood #comida #almoço,neutral
@Almoco Pastel ok. #ifood #comida,neutral
"Pedi tropeiro por falta de opção. Veio sem sal sem açúcar, nada que me faça pedir de novo @Delivery #ok #delivery",neutral
Pizza doce tanto faz. @Fome #comida #ifood,neutral
"@Almoco uramaki quase bom, falta criatividade. nada demais #comida #ifood",neutral
"@ReclameAQUI Panqueca nada a ver com a foto do cardápio. Intragável, veio pouco. não recomendo #nuncaMais #pessimo",negative
"pqp, esse virado à paulista é sublime! nota 10 merecida @RestauranteFavorito #comidaboa #perfeito",positive
Veio bastante e sabor fantástico. Preço honesto. ❤️🔥 @BurgerKingBR #perfeito #fome,positive
pizza com tempero perfeito e porção generosa. peçam sem medo @iFood #recomendo #perfeito,positive
@ReclameAQUI veio pouco de churrasco no box e muito caro pra pouca comida. decepção total #fome #pessimo,negative
"@BurgerKingBR Melhor panqueca que já pedi no iFood. Show, chegou em 15 min #comidaboa #perfeito",positive
"@SushidaEsquina chegou em 15 min, churrasco no box chegou excelente. parabéns ao chef 👨‍🍳 #comidaboa #sextou",positive
"Pedi lasanha por falta de opção. Veio normal, nd que me faça pedir de novo @Delivery #ifood #almoço",neutral
@ProconSP Burrito veio uma tristeza e o suporte do iFood n resolveu nada. 👎👎 #procon #fome,negative
"yakisoba veio parecido com a foto, sabor nada demais. blz @iFood #ok #jantar",neutral
@ReclameAQUI brownie veio cru por dentro! quase passei mal #nuncaMais #descaso,negative
@iFoodBrasil atrasou tanto q desisti quase e o poke bowl chegou horrível. vou denunciar #indignado #nuncaMais,negative
"@Delivery frango à passarinho igual qualquer outro do bairro. tanto faz, sem destaque #delivery #ifood",neutral
"Dadinhos de tapioca nada a ver com a foto do cardápio. Vergonhoso, pouca comida. não volto nunca mais @ReclameAQUI #pessimo #procon",negative
Porção generosa e sabor fora de série. Custo benefício ótimo. show de bola @iFood #fome #comidaboa,positive
"@Fome Não é ruim mas tbm não é bom. Temaki aceitável, whatever #ifood #delivery",neutral
"Dei mais uma chance pro wrap deles e de novo veio inaceitável. Dessa vez é definitivo, péssima experiência @PizzaFria #nuncaMais #descaso",negative
"@ZehDelivery Veio rapidinho, pizza 4 queijos chegou sublime. 5 estrelas merecidas #fome #amominhavida",positive
"@iFood Vixi, esse tropeiro é fora de série! já virou meu favorito #delicia #comidaboa",positive
Veio pouco de bolinho de bacalhau e não vale o preço. não volto nunca mais @ProconSP #fome #indignado,negative
"@iFoodBrasil Bah, achei cabelo no meu burrito! Vergonhoso 🤮 0 estrelas se pudesse #nuncaMais #fome",negative
@Mcdonalds_BR amigo indicou esse brownie e realmente é incrível. super recomendo #recomendo #perfeito,positive
@ZehDelivery tava morrendo de vontade de comer torresmo e esse tava 10/10! matou a vontade #sextou #recomendo,positive
"Sábado à noite pedi ramen e não me arrependi! Incrível, chegou voando. amei ❤️ @Mcdonalds_BR #amominhavida #delicia",positive
Pedi coxinha pra família toda e todo mundo adorou! Divino. 5 estrelas merecidas rs @SushidaEsquina #amominhavida #comidaboa,positive
"não é ruim mas tbm não é bom. fraldinha mediano, nada a declarar @Almoco #delivery #ifood",neutral
@Mcdonalds_BR Pedi arroz carreteiro pra família toda e todo mundo adorou! Delicioso. 😍😍 #delicia #fome,positive
"@Fome não é ruim mas tbm não é bom. milk shake ok, tanto faz #almoço #delivery",neutral
@ProconSP Isca de frango veio deplorável e o suporte do iFood não resolveu nada. fujam desse lugar #descaso #indignado,negative
Sashimi veio deplorável e o suporte do iFood não resolveu nada. 😡😡 @PizzaFria #decepcao #nuncaMais,negative
"comida chegou quentinho, tudo organizadinho. x-tudo nota mil! @iFood #amominhavida #fome",positive
porção generosa e sabor fantástico. barato pelo que entrega. continuem assim! ahahah @SushidaEsquina #comidaboa #delicia,positive
pedido de madrugada e mesmo assim o açaí veio chef's kiss. chegou antes do previsto! @BurgerKingBR #comidaboa #perfeito,positive
"@iFood Coxinha quase bom, falta capricho. Na média #delivery #ifood",neutral
@PizzaFria Costela sem condições e ainda por cima não vale o preço. lamentável #procon #decepcao,negative
@ProconSP Restaurante cancelou meu brownie depois de 30 min esperando. 😡😡 #fome #decepcao,negative
"Melhor pizza margherita que já pedi no iFood. Incrível, delivery surpreendeu @BurgerKingBR #delicia #recomendo",positive
"@iFood pedi virado à paulista por falta de opção. veio na média, nada que me faça pedir de novo #ifood #comida",neutral
"@iFood Sábado à noite pedi bolo e não me arrependi! Show, delivery nota 10. 10/10 sem dúvidas #recomendo #amominhavida",positive
Pizza doce com gosto de queimado. Impossível comer 😑 @ReclameAQUI #fome #indignado,negative
"@RestauranteFavorito pizza doce top, chegou em 15 min, custo benefício ótimo  💪 #comidaboa #recomendo",positive
Não esperava muito mas o nhoque me surpreendeu demais! Delicioso @SushidaEsquina #sextou #comidaboa,positive
veio bastante e sabor nota mil. vale cada centavo. recomendo pra geral @SushidaEsquina #amominhavida #sextou,positive
"Sábado à noite pedi combo família e não me arrependi! Incrível, entregador muito educado. amei ❤️ @iFood #perfeito #recomendo",positive
Comi esfirra e passei mal a noite toda. Comida estragada. vou denunciar @iFoodBrasil #descaso #fome,negative
@RestauranteFavorito Já é a quinta vez que peço pizza calabresa aqui. Sempre 10/10! #comidaboa #amominhavida,positive
Paguei R$48 num caldinho de feijão que não vale nem R$10. Péssimo! @PizzaFria #decepcao #fome,negative
Pedi pizza 4 queijos pra família toda e todo mundo adorou! Maravilhoso. amei ❤️ @ZehDelivery #amominhavida #fome,positive
"Pão de queijo serve, né @Delivery #jantar #delivery",neutral
quase 2 horas de espera e o esfirra chegou frio. 🤮 @ReclameAQUI #fome #pessimo,negative
Delivery uma vergonha e o sanduíche natural chegou péssimo. 👎👎 @ReclameAQUI #fome #indignado,negative
Pedi pudim e veio bobó de camarão. Absurdo! fiquei p da vida @ReclameAQUI #indignado #nuncaMais,negative
empada veio com sangue! quase passei mal 😤 @AtendimentoRuim #indignado #pessimo,negative
"@Fome peço bolo aqui quando não tem nada melhor. é normal sempre, constante pelo menos #ok #delivery",neutral
@PizzaFria Paguei R$55 num picanha que não vale nem R$20. Decepcionante! #fome #nuncaMais,negative
"@RestauranteFavorito embalagem caprichada, chegou quentinho, sushi com sabor de outro nível. nota 10! #fome #recomendo",positive
Delivery uma vergonha e o hot roll chegou frio. 😡😡 @ProconSP #decepcao #nuncaMais,negative
churrasco no box na média. blz @Almoco #almoço #ok,neutral
@AtendimentoRuim Hot roll com cheiro ruim. Péssimo! péssima experiência #procon #fome,negative
Já é a décima vez que peço açaí aqui. Sempre surpreendente! @iFood #comidaboa #delicia,positive
"Oxe, esse frango grelhado é vergonhoso! não volto nunca mais 😒 @ReclameAQUI #nuncaMais #pessimo",negative
"Nada vazou, bem quente ainda, yakisoba com sabor de cair o queixo. Nota 10! @iFood #fome #sextou",positive
@Almoco temaki até bom mas muito caro pra pouca comida. no geral aceitável #ifood #delivery,neutral
Veio todo revirado! Churros todo amassado. não volto nunca mais @ProconSP #decepcao #indignado,negative
"Milk shake quase bom, falta carinho. Serve @iFood #comida #ifood",neutral
"@ProconSP Dei mais uma chance pro pizza calabresa deles e de novo veio péssimo. Dessa vez é definitivo, 😡😡 #decepcao #nuncaMais",negative
Beirute até que tava bom mas preço meio alto. nada a declarar @Delivery #comida #almoço,neutral
@Mcdonalds_BR Opa! Esse pão de queijo me fez chorar de tão bom  super recomendo #recomendo #delicia,positive
"Nossa, achei inseto no meu caldinho de feijão! Uma piada de mau gosto 0 estrelas se pudesse @PizzaFria #descaso #pessimo",negative
Quantidade ridícula de cuscuz e preço absurdo. 0 estrelas se pudesse @ProconSP #procon #descaso,negative
@Mcdonalds_BR costela surpreendente! nota 10 merecida #delicia #sextou,positive
Caldinho de feijão até bom mas preço absurdo. No geral serve ahahah @Fome #comida #ifood,neutral
@iFood não esperava muito mas o dadinhos de tapioca me surpreendeu demais! fora de série #recomendo #perfeito,positive
"Bauru igual qualquer outro do bairro. Aceitável, sem destaque @Fome #comida #almoço",neutral
@iFood vieram com bilhetinho fofo e o açaí no copo tava sublime! que atendimento ❤️ #fome #amominhavida,positive
Tava morrendo de vontade de comer beirute e esse tava demais! Matou a vontade  ⭐ rs @ZehDelivery #fome #delicia,positive
risoto com aparência horrível. uma porcaria! nota 0 @PizzaFria #procon #pessimo,negative
bobó de camarão absurdamente bom! podem pedir @iFood #recomendo #fome,positive
"@iFoodBrasil Entregador foi grosso, comida gelada. Brigadeiro sofrível. não recomendo #procon #nuncaMais",negative
"@Almoco Não é ruim mas tbm não é bom. Torresmo mais ou menos, enfim #ok #almoço",neutral
"churros igual qualquer outro do bairro. meh, sem destaque @Delivery #comida #delivery",neutral
"Caldinho de feijão igual qualquer outro do bairro. Na média, sem destaque @Fome #delivery #ifood",neutral
Vieram com bilhetinho fofo e o sushi tava magistral! Que atendimento ❤️ kkkk @Mcdonalds_BR #delicia #recomendo,positive
Pedi porção de calabresa pra família toda e todo mundo adorou! Delicioso. não vão se arrepender @Mcdonalds_BR #fome #recomendo,positive
"@Delivery Macarrão veio parecido com a foto, sabor mais ou menos. blz #almoço #jantar",neutral
Arroz carreteiro top demais @iFood #amominhavida #recomendo,positive
"@ProconSP bicho, achei inseto no meu fraldinha! intragável 😒 uma vergonha #fome #decepcao",negative
@Delivery x-tudo tanto faz. 🤷‍♂️ #ifood #delivery,neutral
"Peço fraldinha aqui quando não tem nada melhor. É na média sempre, constante pelo menos @Fome #ok #almoço",neutral
porção generosa e sabor delicioso. custo benefício ótimo. 5 estrelas merecidas ahahah @BurgerKingBR #comidaboa #amominhavida,positive
Porção generosa e sabor magistral. Vale cada centavo. 5 estrelas merecidas kkkkkk @Mcdonalds_BR #amominhavida #sextou,positive
"@PizzaFria Motoboy jogou na porta, veio morno. Lasanha decepcionante. 0 estrelas se pudesse #decepcao #procon",negative
açaí com tempero especial e entrega rápida. vou pedir sempre @SushidaEsquina #delicia #sextou,positive
Tropeiro veio cru! Quase passei mal 👎 @ProconSP #descaso #nuncaMais,negative
"Bah, esse risoto é vergonhoso! vou denunciar 💩 @PizzaFria #descaso #indignado",negative
"@Mcdonalds_BR Oxe, esse salada é surreal! super recomendo #recomendo #perfeito",positive
"@Almoco sei lá, pizza doce dá pro gasto. n tenho muito o que falar é isso #jantar #delivery",neutral
"tapioca top, delivery surpreendeu, preço justo  @ZehDelivery #comidaboa #delicia",positive
@Almoco entrega rápida pelo menos. sashimi serve whatever #ifood #ok,neutral
Rapaz! Esse macarrão me fez chorar de tão bom  já virou meu favorito @ZehDelivery #delicia #amominhavida,positive
Porção generosa e sabor nota 10. Vale cada centavo. show de bola @ZehDelivery #comidaboa #amominhavida,positive
"@AtendimentoRuim shawarma nada a ver com a foto do cardápio. uma piada de mau gosto, fiqi com fome. não volto nunca mais #fome #pessimo",negative
@iFoodBrasil comi polenta frita e passei mal a noite toda. dor de barriga terrível. uma piada #pessimo #decepcao,negative
"@Mcdonalds_BR Eitaaa, esse cheesecake é de outro nível! vale muito a pena kkkk #delicia #amominhavida",positive
meus amigos adoram o salada daqui mas eu acho sem sal sem açúcar. vai de cada um whatever @Delivery #jantar #almoço,neutral
"@BurgerKingBR Sábado à noite pedi caldinho de feijão e não me arrependi! Divino, delivery nota 10. vale muito a pena #perfeito #delicia",positive
"@AtendimentoRuim Pedido incompleto, faltou a sobremesa. Temaki ainda veio terrível 😠 #nuncaMais #fome",negative
Pedido de madrugada e mesmo assim o açaí veio delicioso. chegou voando! @Mcdonalds_BR #comidaboa #amominhavida,positive
tropeiro até que tava bom mas entrega demorou. vida que segue @Delivery #almoço #ok,neutral
@iFoodBrasil Restaurante cancelou meu bolinho de bacalhau depois de 40 min esperando. péssima experiência #procon #pessimo,negative
"ai ai, esse combo lanche é lixo! lamentável 😡 @ProconSP #pessimo #fome",negative
"ramen top, entrega super rápida, custo benefício ótimo  🙏 @RestauranteFavorito #amominhavida #sextou",positive
"@AtendimentoRuim cara, achei inseto no meu beirute! inaceitável vou denunciar #procon #indignado",negative
@SushidaEsquina Porção de calabresa com tempero na medida e entrega rápida. show de bola #comidaboa #delicia,positive
meu! esse moqueca me fez chorar de tão bom  show de bola @BurgerKingBR #fome #sextou,positive
Muito bem servido e sabor impecável. Custo benefício ótimo. peçam sem medo @ZehDelivery #sextou #perfeito,positive
"@Fome temaki igual qualquer outro do bairro. razoável, sem destaque #jantar #ok",neutral
"Esfirra veio parecido com a foto, sabor tanto faz. 🤷‍♂️ kkkk @Delivery #ok #delivery",neutral
Tutu de feijão até que tava bom mas preço meio alto. fazer o que @Almoco #almoço #jantar,neutral
hot roll até bom mas não vale o preço. no geral ok @Delivery #ifood #almoço,neutral
"Bem embalado, bem quente ainda, tutu de feijão com sabor demais. Nota 10! @RestauranteFavorito #perfeito #recomendo",positive
Bauru até bom mas não vale o preço. No geral razoável kkkkkk @Delivery #jantar #ok,neutral
"pedi uramaki por falta de opção. veio é o que é, nada que me faça pedir de novo @Fome #delivery #ok",neutral
"@ZehDelivery Embalagem caprichada, chegou quentinho, wrap com sabor magistral. Nota 10! #sextou #comidaboa",positive
torresmo impecável kk @RestauranteFavorito #amominhavida #comidaboa,positive
@Mcdonalds_BR beirute com tempero diferenciado e entrega rápida. super recomendo #sextou #delicia,positive
"rapaz, esse picanha é fora de série! continuem assim! @Mcdonalds_BR #amominhavida #delicia",positive
@iFood Frango grelhado com tempero na medida e embalagem top. super recomendo #recomendo #delicia,positive
@Fome Wrap meh #delivery #ifood,neutral
"Comida bem quente ainda, embalagem caprichada. Costela top demais! @ZehDelivery #amominhavida #sextou",positive
"@Almoco sei lá, hambúrguer mais ou menos. n tenho muito o que falar tanto faz #delivery #ifood",neutral
"Demorou horrores, comida gelada. Tutu de feijão sem noção. 🤮 @ReclameAQUI #pessimo #descaso",negative
"@SushidaEsquina Chegou voando, frango grelhado chegou maravilhoso. top top top #comidaboa #sextou",positive
@Fome pastel até bom mas muito caro pra pouca comida. no geral ok #ifood #delivery,neutral
primeira vez pedindo torta salgada aqui e já virou favorito. chef's kiss! podem pedir @iFood #comidaboa #recomendo,positive
@BurgerKingBR Primeira vez pedindo feijoada aqui e já virou favorito. Espetacular! voltarei com certeza #delicia #comidaboa,positive
Entregador foi grosso e o poke bowl chegou revirado. não volto nunca mais @PizzaFria #fome #descaso,negative
amigo indicou esse pad thai e realmente é espetacular. show de bola @ZehDelivery #fome #delicia,positive
"@PizzaFria Dei mais uma chance pro moqueca deles e de novo veio inadmissível. Dessa vez é definitivo, 👎👎 #procon #fome",negative
"dei mais uma chance pro burrito deles e de novo veio uma porcaria. dessa vez é definitivo, nota 0 @ProconSP #nuncaMais #fome",negative
"@iFood comida temperatura perfeita, embalagem top. cuscuz absurdamente bom! #fome #recomendo",positive
cheesecake absurdo! decepção total @AtendimentoRuim #procon #indignado,negative
"@BurgerKingBR ai ai, esse strogonoff é magistral! melhor do bairro kkk #comidaboa #perfeito",positive
@iFood Churrasco no box com tempero perfeito e entrega rápida. 😍😍 #delicia #sextou,positive
"@iFood Melhor cachorro quente que já pedi no iFood. Espetacular, entrega impecável #fome #amominhavida",positive
"sorvete top, entregador muito educado, preço honesto  @BurgerKingBR #comidaboa #recomendo",positive
"@iFood não é ruim mas tbm não é bom. feijoada serve, foi isso #delivery #jantar",neutral
@ReclameAQUI Acarajé sofrível vou denunciar #procon #descaso,negative
@BurgerKingBR tava morrendo de vontade de comer ramen e esse tava sensacional! matou a vontade #fome #comidaboa,positive
Amigo indicou esse pão de queijo e realmente é 10/10. 😍😍 @iFood #amominhavida #fome,positive
@PizzaFria Pedi hambúrguer e veio sorvete. Tudo errado! 😡😡 #descaso #pessimo,negative
"peço pizza 4 queijos aqui quando não tem nada melhor. é normal sempre, constante pelo menos @iFood #almoço #ifood",neutral
tava morrendo de vontade de comer frango grelhado e esse tava surpreendente! matou a vontade  🙏 @iFood #fome #amominhavida,positive
@AtendimentoRuim fraldinha veio horrível e o suporte do ifood não resolveu nada. 😡😡 #pessimo #procon,negative
Sashimi: sabor básico mas chegou antes do previsto. Compensa mais pela entrega kkkk @Delivery #jantar #almoço,neutral
pastel surreal @RestauranteFavorito #amominhavida #comidaboa,positive
@iFood Tava morrendo de vontade de comer costela e esse tava delicioso! Matou a vontade #recomendo #fome,positive
@iFoodBrasil Quantidade ridícula de batata frita e não vale o preço. lamentável #decepcao #descaso,negative
@iFood Tava morrendo de vontade de comer churros e esse tava magistral! Matou a vontade  🤩 haha #sextou #comidaboa,positive
Vieram com bilhetinho fofo e o pad thai tava nota 10! Que atendimento ❤️ kkk @iFood #sextou #recomendo,positive
"Melhor bolo que já pedi no iFood. Demais, entregador muito educado @SushidaEsquina #perfeito #fome",positive
"@Almoco Pedi caldinho de feijão por falta de opção. Veio mediano, nada que me faça pedir de novo #ok #almoço",neutral
@ZehDelivery vieram com bilhetinho fofo e o burrito tava sublime! que atendimento ❤️ #amominhavida #perfeito,positive
"Sábado à noite pedi pizza margherita e não me arrependi! Sublime, chegou em 15 min. não vão se arrepender @RestauranteFavorito #amominhavida #comidaboa",positive
"sábado à noite pedi brigadeiro e não me arrependi! surpreendente, motoboy gente boa demais. vou pedir sempre @iFood #recomendo #comidaboa",positive
@PizzaFria Pad thai veio mal passado! Quase passei mal 😤 #descaso #indignado,negative
"dei mais uma chance pro empada deles e de novo veio sem condições. dessa vez é definitivo, lamentável @AtendimentoRuim #nuncaMais #descaso",negative
Pedi arroz carreteiro e veio marmitex. Inaceitável! péssimo atendimento @AtendimentoRuim #fome #nuncaMais,negative
"Bah, esse crepe é melhor que já comi! 😍😍 @Mcdonalds_BR #sextou #comidaboa",positive
"@Mcdonalds_BR Sábado à noite pedi risoto e não me arrependi! Perfeito, motoboy gente boa demais. vou pedir sempre #perfeito #delicia",positive
"não é ruim mas tbm não é bom. brigadeiro razoável, whatever kkkkk @iFood #ifood #comida",neutral
@SushidaEsquina Não esperava muito mas o churrasco no box me surpreendeu demais! Show  ❤️ #fome #amominhavida,positive
@PizzaFria Prato executivo com pimenta demais. Impossível comer #nuncaMais #procon,negative
"pizza top, delivery nota 10, preço justo  kkk @SushidaEsquina #recomendo #comidaboa",positive
@ProconSP Veio pouco de esfiha aberta e caro demais. lamentável #procon #decepcao,negative
"@iFoodBrasil Bicho, esse parmegiana é deplorável! lamentável #pessimo #nuncaMais",negative
Comi burrito e passei mal a noite toda. Dor de barriga terrível. 0 estrelas se pudesse @AtendimentoRuim #descaso #indignado,negative
@ProconSP Pedi empada e veio churrasco no box. Absurdo! 👎👎 #procon #descaso,negative
@Almoco Cuscuz até que tava bom mas entrega demorou. nada a declarar #delivery #ifood,neutral
Amigo indicou esse tapioca e realmente é magistral. já virou meu favorito @ZehDelivery #sextou #delicia,positive
@SushidaEsquina primeira vez pedindo marmitex aqui e já virou favorito. surreal! show de bola #delicia #comidaboa,positive
"Comida temperatura perfeita, nada vazou. Coxinha de cair o queixo! @ZehDelivery #sextou #delicia",positive
"@Mcdonalds_BR pizza 4 queijos top, veio rapidinho, barato pelo que entrega  #perfeito #sextou",positive
@ProconSP Comi cuscuz e passei mal a noite toda. Intoxicação alimentar. nunca mais peço #decepcao #pessimo,negative
"Churros meh, né @Delivery #ok #delivery",neutral
"@iFood Delivery nota 10, fraldinha chegou impecável. não vão se arrepender #recomendo #comidaboa",positive
@RestauranteFavorito amigo indicou esse bolo e realmente é top demais. podem pedir #fome #perfeito,positive
@iFoodBrasil Pastel com mofo. Uma tristeza! quero meu dinheiro de volta #nuncaMais #decepcao,negative
"@RestauranteFavorito pão de queijo top, veio rapidinho, barato pelo que entrega  #fome #sextou",positive
"@BurgerKingBR tudo organizadinho, bem quente ainda, gyoza com sabor espetacular. nota 10! kkkkkk #fome #perfeito",positive
Acarajé com tempero diferenciado e preço justo. 😍😍 @iFood #sextou #fome,positive
@ReclameAQUI Feijoada uma porcaria passem longe #pessimo #nuncaMais,negative
@Delivery Kafta normal. ok né #ifood #ok,neutral
@iFoodBrasil Shawarma veio lixo e o suporte do iFood não resolveu nada. péssima experiência #decepcao #descaso,negative
Palha italiana nota 10! 🤤👏 rsrs @BurgerKingBR #amominhavida #sextou,positive
"Empada nada a ver com a foto do cardápio. Sem noção, veio pouco. nunca mais peço @iFoodBrasil #pessimo #nuncaMais",negative
"Sábado à noite pedi hambúrguer e não me arrependi! Espetacular, motoboy gente boa demais. vou pedir sempre rsrs @Mcdonalds_BR #comidaboa #recomendo",positive
@Fome caldinho de feijão é o que é. 🤷 haha #delivery #comida,neutral
Entrega rápida pelo menos. Poke bowl serve normal @iFood #comida #jantar,neutral
Amigo indicou esse cheesecake e realmente é maravilhoso. vou pedir sempre @Mcdonalds_BR #perfeito #comidaboa,positive
"palha italiana top, entregador muito educado, preço justo  kk @Mcdonalds_BR #fome #amominhavida",positive
"@PizzaFria Torresmo nada a ver com a foto do cardápio. Decepcionante, porção minúscula. nota 0 #indignado #fome",negative
@RestauranteFavorito vieram com bilhetinho fofo e o porção de calabresa tava divino! que atendimento ❤️ ahahah #sextou #amominhavida,positive
Entrega rápida pelo menos. Cuscuz não empolga é isso @iFood #comida #ok,neutral
pedido de madrugada e mesmo assim o tropeiro veio sensacional. entrega impecável! @SushidaEsquina #comidaboa #perfeito,positive
@iFood amigo indicou esse pizza portuguesa e realmente é maravilhoso. recomendo demais 👏 rs #perfeito #fome,positive
Paguei R$55 num lasanha que não vale nem R$15. Horrível! @ProconSP #indignado #procon,negative
@AtendimentoRuim comi açaí no copo e passei mal a noite toda. comida estragada. lamentável #fome #procon,negative
"@ReclameAQUI Eitaaa, esse pastel é sem condições! arrependimento puro #decepcao #indignado",negative
Meus amigos adoram o quibe daqui mas eu acho básico. Vai de cada um tá bom né kkkkkk @Delivery #comida #ok,neutral
@ZehDelivery veio bastante e sabor sublime. custo benefício ótimo. melhor do bairro #comidaboa #fome,positive
"@PizzaFria olha, esse frango à passarinho é uma tristeza! nota 0 #nuncaMais #indignado",negative
@AtendimentoRuim Tutu de feijão ridículo não volto nunca mais #indignado #procon,negative
"@Almoco pizza doce quase bom, falta tempero. básico #delivery #ifood",neutral
Combo lanche: sabor sem sal sem açúcar mas motoboy gente boa demais. Compensa mais pela entrega @Delivery #almoço #jantar,neutral
"@Delivery Cuscuz veio parecido com a foto, sabor mediano. sem mais #ok #delivery",neutral
"pedi panqueca por falta de opção. veio básico, nada que me faça pedir de novo @Almoco #almoço #ifood",neutral
"Bah, esse arroz carreteiro é decepcionante! 🤮 @iFoodBrasil #procon #descaso",negative
"sábado à noite pedi tropeiro e não me arrependi! de outro nível, veio rapidinho. 🤤👏 @RestauranteFavorito #recomendo #sextou",positive
"@Fome Não é ruim mas tbm não é bom. Dadinhos de tapioca tanto faz, ok né #ifood #comida",neutral
parmegiana nota mil @BurgerKingBR #fome #comidaboa,positive
Pedi bauru pra família toda e todo mundo adorou! Surpreendente. recomendo pra geral @Mcdonalds_BR #perfeito #amominhavida,positive
Fraldinha divino! 10/10 sem dúvidas @BurgerKingBR #comidaboa #sextou,positive
@Mcdonalds_BR Não esperava muito mas o pudim me surpreendeu demais! Surreal #perfeito #fome,positive
@AtendimentoRuim comi virado à paulista e passei mal a noite toda. intoxicação alimentar. fiquei p da vida #descaso #pessimo,negative
@ProconSP Quase 2 horas de espera e o crepe chegou frio. lamentável #descaso #decepcao,negative
"@PizzaFria bah, achei um fio no meu sorvete! uma tristeza não recomendo #descaso #indignado",negative
tropeiro decepcionante e ainda por cima caro demais. péssima experiência @AtendimentoRuim #pessimo #procon,negative
"pedi churros por falta de opção. veio mais ou menos, nada que me faça pedir de novo @iFood #comida #ok",neutral
"sei lá, pudim mais ou menos. n tenho muito o que falar tá bom né @Delivery #jantar #almoço",neutral
@BurgerKingBR Tava morrendo de vontade de comer polenta frita e esse tava surreal! Matou a vontade #delicia #comidaboa,positive
tava morrendo de vontade de comer shawarma e esse tava chef's kiss! matou a vontade  🤤 kkkkkk @BurgerKingBR #fome #sextou,positive
Combo lanche demais @ZehDelivery #perfeito #fome,positive
Pedido de madrugada e mesmo assim o marmitex veio sublime. delivery surpreendeu! @ZehDelivery #recomendo #amominhavida,positive
primeira vez pedindo coxinha aqui e já virou favorito. sublime! podem pedir @ZehDelivery #fome #delicia,positive
"@Delivery Bauru igual qualquer outro do bairro. Ok, sem destaque #ok #comida",neutral
restaurante cancelou meu pad thai depois de 40 min esperando. nunca mais peço @iFoodBrasil #decepcao #fome,negative
"@Mcdonalds_BR Sábado à noite pedi isca de frango e não me arrependi! Melhor que já comi, entregador muito educado. 5 estrelas merecidas #fome #recomendo",positive
Tudo amassado! Brownie todo amassado. 😡😡 @PizzaFria #nuncaMais #pessimo,negative
Amigo indicou esse combo família e realmente é 10/10. 5 estrelas merecidas @RestauranteFavorito #perfeito #amominhavida,positive
@Mcdonalds_BR Pedi pizza calabresa pra família toda e todo mundo adorou! Magistral. show de bola #sextou #fome,positive
"melhor wrap que já pedi no ifood. top demais, chegou antes do previsto @ZehDelivery #amominhavida #fome",positive
@RestauranteFavorito porção generosa e sabor top demais. vale cada centavo. peçam sem medo #fome #sextou,positive
"@Almoco Não é ruim mas tbm não é bom. Acarajé nada demais, enfim #jantar #ok",neutral
"frango à passarinho top, chegou em 15 min, preço honesto  @iFood #sextou #amominhavida",positive
"@AtendimentoRuim Mds, esse acarajé é decepcionante! quero meu dinheiro de volta #decepcao #pessimo",negative
"rapaz, esse espetinho é de outro nível! show de bola @RestauranteFavorito #fome #amominhavida",positive
Tudo vazou! Combo lanche todo destruído. 😡😡 @PizzaFria #pessimo #descaso,negative
"@BurgerKingBR Bem embalado, chegou quentinho, arroz carreteiro com sabor melhor que já comi. Nota 10! #amominhavida #fome",positive
primeira vez pedindo bolinho de bacalhau aqui e já virou favorito. absurdamente bom! vale muito a pena @iFood #sextou #delicia,positive
@iFood opa! esse torta salgada me fez chorar de tão bom  nota 10 merecida rs #amominhavida #recomendo,positive
@PizzaFria Restaurante cancelou meu combo lanche depois de 50 min esperando. fujam desse lugar #fome #procon,negative
@RestauranteFavorito Não esperava muito mas o poke bowl me surpreendeu demais! Excelente #sextou #fome,positive
"Embalagem caprichada, bem quente ainda, coxinha com sabor nota 10. Nota 10! @RestauranteFavorito #fome #perfeito",positive
Comi açaí no copo e passei mal a noite toda. Comida estragada. arrependimento puro @ProconSP #procon #pessimo,negative
comi dadinhos de tapioca e passei mal a noite toda. comida estragada. fiquei p da vida @AtendimentoRuim #procon #pessimo,negative
"@Delivery sei lá, hot roll é o que é. n tenho muito o que falar vida que segue #almoço #comida",neutral
muito bem servido e sabor surreal. custo benefício ótimo. show de bola @iFood #delicia #recomendo,positive
Porção generosa e sabor sensacional. Custo benefício ótimo. vale muito a pena rs @SushidaEsquina #fome #sextou,positive
"@Mcdonalds_BR entregador muito educado, pastel chegou nota 10. podem pedir rs #fome #perfeito",positive
@iFoodBrasil sashimi com tempero exagerado. impossível comer #nuncaMais #procon,negative
vieram com bilhetinho fofo e o x-tudo tava sublime! que atendimento ❤️ @Mcdonalds_BR #delicia #recomendo,positive
@AtendimentoRuim quase 2 horas de espera e o ramen chegou horrível. péssimo atendimento #indignado #nuncaMais,negative
@ZehDelivery eitaaa! esse pizza me fez chorar de tão bom  😍😍 #recomendo #fome,positive
"bauru top, entrega impecável, barato pelo que entrega  🙏 @ZehDelivery #recomendo #comidaboa",positive
@BurgerKingBR batata frita com tempero diferenciado e preço justo. super recomendo rs #recomendo #perfeito,positive
"@ZehDelivery Chegou antes do previsto, pão de queijo chegou 10/10. vou pedir sempre haha #perfeito #sextou",positive
"@Almoco Churrasco no box veio parecido com a foto, sabor serve. tá bom né #comida #delivery",neutral
Palha italiana intragável 😒 não recomendo @ProconSP #fome #descaso,negative
@Delivery meus amigos adoram o risoto daqui mas eu acho razoável. vai de cada um 🤷‍♂️ #delivery #comida,neutral
"Peço quibe aqui quando não tem nada melhor. É normal sempre, constante pelo menos @Almoco #delivery #comida",neutral
"cuscuz quase bom, falta carinho. razoável @Fome #ifood #ok",neutral
vieram com bilhetinho fofo e o tropeiro tava excelente! que atendimento ❤️ @RestauranteFavorito #recomendo #delicia,positive
@iFoodBrasil Restaurante cancelou meu frango grelhado depois de 40 min esperando. quero meu dinheiro de volta #decepcao #descaso,negative
"@RestauranteFavorito Melhor empada que já pedi no iFood. Divino, delivery nota 10 #recomendo #perfeito",positive
@PizzaFria restaurante cancelou meu milk shake depois de 50 min esperando. péssima experiência #nuncaMais #fome,negative
"@PizzaFria Dei mais uma chance pro quibe deles e de novo veio lixo. Dessa vez é definitivo, péssima experiência #decepcao #procon",negative
Não esperava muito mas o burrito me surpreendeu demais! De outro nível  rsrs @SushidaEsquina #perfeito #delicia,positive
Pizza 4 queijos péssimo e ainda por cima não vale o preço. arrependimento puro @iFoodBrasil #nuncaMais #procon,negative
"Sábado à noite pedi pizza margherita e não me arrependi! Maravilhoso, entregador muito educado. não vão se arrepender @Mcdonalds_BR #sextou #delicia",positive
@BurgerKingBR Quibe chef's kiss! melhor do bairro rs #comidaboa #recomendo,positive
Moqueca com tempero na medida e preço justo. vale muito a pena kkkkkk @ZehDelivery #delicia #perfeito,positive
tapioca com gosto estranho. sem noção! péssimo atendimento @iFoodBrasil #descaso #decepcao,negative
@ReclameAQUI pizza margherita com pimenta demais. impossível comer 😑 #fome #procon,negative
"@AtendimentoRuim opa, esse cheesecake é vergonhoso! quero meu dinheiro de volta #decepcao #pessimo",negative
"Delivery nota 10, palha italiana chegou impecável. nota 10 merecida @iFood #comidaboa #delicia",positive
@ProconSP Coxinha inaceitável e ainda por cima muito caro pra pouca comida. fiquei p da vida #procon #descaso,negative
@BurgerKingBR Já é a sexta vez que peço beirute aqui. Sempre top demais! kkkkkk #amominhavida #recomendo,positive
Pedi coxinha e veio torresmo. Pedido trocado! péssima experiência @iFoodBrasil #pessimo #descaso,negative
entrega atrasou demais e o risoto chegou destruído. 👎👎 @PizzaFria #descaso #indignado,negative
Veio todo revirado! Hot roll todo amassado. decepção total @PizzaFria #procon #descaso,negative
amigo indicou esse coxinha e realmente é espetacular. ❤️🔥 @BurgerKingBR #delicia #fome,positive
"@iFood Cara, esse beirute é espetacular! 10/10 sem dúvidas #sextou #perfeito",positive
Bobó de camarão até bom mas preço absurdo. No geral razoável @iFood #jantar #almoço,neutral
"melhor costela que já pedi no ifood. chef's kiss, veio rapidinho @ZehDelivery #comidaboa #amominhavida",positive
Entrega péssima e o burrito chegou frio. 🤮 @ProconSP #indignado #decepcao,negative
"@iFood sorvete top, chegou voando, custo benefício ótimo  #perfeito #sextou",positive
Primeira vez pedindo tutu de feijão aqui e já virou favorito. Perfeito! podem pedir @RestauranteFavorito #recomendo #perfeito,positive
@ProconSP restaurante cancelou meu frango à passarinho depois de 30 min esperando. decepção total #fome #procon,negative
@ZehDelivery Cuscuz sublime! continuem assim! #fome #comidaboa,positive
Meus amigos adoram o combo família daqui mas eu acho tanto faz. Vai de cada um nada a declarar @Fome #delivery #comida,neutral
"@iFood arroz carreteiro quase bom, falta sal. aceitável #ok #almoço",neutral
@RestauranteFavorito Amigo indicou esse batata frita e realmente é nota mil. recomendo pra geral #delicia #comidaboa,positive
"Embalagem caprichada, bem quente ainda, feijoada com sabor perfeito. Nota 10! @RestauranteFavorito #amominhavida #delicia",positive
Poke bowl top demais ❤️ @iFood #comidaboa #sextou,positive
entrega rápida pelo menos. combo lanche é o que é é isso @iFood #comida #jantar,neutral
tava morrendo de vontade de comer caldinho de feijão e esse tava chef's kiss! matou a vontade  😍 @RestauranteFavorito #sextou #comidaboa,positive
"@RestauranteFavorito bah, esse macarrão é espetacular! recomendo demais 👏 #comidaboa #fome",positive
"tapioca igual qualquer outro do bairro. ok, sem destaque kk @Delivery #ok #delivery",neutral
"@Fome Não é ruim mas tbm não é bom. X-tudo ok, nada a declarar kk #ok #comida",neutral
@BurgerKingBR Ramen com tempero caseiro e embalagem top. top top top #sextou #comidaboa,positive
Muito bem servido e sabor nota 10. Custo benefício ótimo. ❤️🔥 @SushidaEsquina #recomendo #fome,positive
"pedi açaí no copo por falta de opção. veio serve, nada que me faça pedir de novo @iFood #comida #ok",neutral
Fiquei com fome de shawarma e caro demais. vou denunciar @PizzaFria #procon #descaso,negative
"@iFoodBrasil Tá louco, esse sushi é absurdo! 0 estrelas se pudesse #fome #decepcao",negative
@ProconSP Veio todo revirado! Espetinho todo revirado. fiquei p da vida #nuncaMais #descaso,negative
"@BurgerKingBR Comida temperatura perfeita, embalagem top. Sashimi top demais! #sextou #fome",positive
Não esperava muito mas o sorvete me surpreendeu demais! Surreal @ZehDelivery #comidaboa #sextou,positive
Vieram com bilhetinho fofo e o combo família tava de cair o queixo! Que atendimento ❤️ @iFood #comidaboa #fome,positive
Porção de calabresa até bom mas não vale o preço. No geral aceitável @Delivery #ifood #jantar,neutral
@BurgerKingBR amigo indicou esse beirute e realmente é nota 10. vale muito a pena #fome #sextou,positive
Tava morrendo de vontade de comer açaí no copo e esse tava impecável! Matou a vontade  😋 @SushidaEsquina #recomendo #comidaboa,positive
"@Almoco Pudim quase bom, falta criatividade. Normal kkkkkk #delivery #almoço",neutral
@Mcdonalds_BR Já é a sexta vez que peço marmita aqui. Sempre fora de série! #comidaboa #amominhavida,positive
@Mcdonalds_BR vieram com bilhetinho fofo e o cachorro quente tava maravilhoso! que atendimento ❤️ #comidaboa #delicia,positive
"Entregador muito educado, pastel chegou fantástico. 🤤👏 @BurgerKingBR #delicia #sextou",positive
pizza margherita inadmissível arrependimento puro @ProconSP #descaso #pessimo,negative
pastel: sabor meh mas entregador muito educado. compensa mais pela entrega @Delivery #ok #ifood,neutral
Acarajé: sabor aceitável mas motoboy gente boa demais. Compensa mais pela entrega @iFood #ifood #almoço,neutral
"@ProconSP véi, achei cabelo no meu cheesecake! uma porcaria 😠 não volto nunca mais #nuncaMais #descaso",negative
"@Almoco Crepe igual qq outro do bairro. Básico, sem destaque #ok #ifood",neutral
atrasou tanto q desisti quase e o sorvete chegou revirado. arrependimento puro @AtendimentoRuim #fome #indignado,negative
restaurante cancelou meu espetinho depois de 50 min esperando. fiquei p da vida @AtendimentoRuim #nuncaMais #decepcao,negative
"Dei mais uma chance pro shawarma deles e de novo veio terrível. Dessa vez é definitivo, lamentável @PizzaFria #descaso #indignado",negative
@AtendimentoRuim torresmo um desastre e ainda por cima caro demais. 👎👎 #pessimo #nuncaMais,negative
"@RestauranteFavorito gente, esse nhoque é surreal! 10/10 sem dúvidas #delicia #sextou",positive
"@Almoco feijoada igual qualquer outro do bairro. mediano, sem destaque #delivery #almoço",neutral
"yakisoba top, entregador muito educado, custo benefício ótimo  kkkkk @Mcdonalds_BR #sextou #perfeito",positive
véi! esse fraldinha me fez chorar de tão bom  recomendo pra geral @SushidaEsquina #sextou #amominhavida,positive
Entregador sumiu e o frango à passarinho chegou frio. fujam desse lugar @ProconSP #pessimo #procon,negative
"entrega péssima, veio morno. sushi nojento. 👎👎 @ProconSP #descaso #indignado",negative
Quantidade ridícula de parmegiana e preço absurdo. decepção total @ReclameAQUI #decepcao #descaso,negative
"@ReclameAQUI Pedido incompleto, faltou o molho. Arroz carreteiro ainda veio péssimo #pessimo #fome",negative
Pizza margherita razoável. sei lá @iFood #almoço #comida,neutral
"Melhor hot roll que já pedi no iFood. dms, delivery surpreendeu @SushidaEsquina #recomendo #sextou",positive
@Mcdonalds_BR macarrão fora de série! 10/10 sem dúvidas #fome #recomendo,positive
Porção enorme e sabor show. Preço justo. peçam sem medo @RestauranteFavorito #amominhavida #recomendo,positive
Sushi de cair o queixo @iFood #sextou #amominhavida,positive
fraldinha normal... @Delivery #delivery #ifood,neutral
@Delivery entrega rápida pelo menos. porção de calabresa mais ou menos sem mais rs #ok #almoço,neutral
@iFood vieram com bilhetinho fofo e o cheesecake tava chef's kiss! que atendimento ❤️ #comidaboa #delicia,positive
@SushidaEsquina temaki de cair o queixo! show de bola #amominhavida #recomendo,positive
delivery uma vergonha e o beirute chegou destruído. não volto nunca mais @ProconSP #fome #pessimo,negative
@SushidaEsquina Milk shake nota 10! recomendo pra geral #delicia #recomendo,positive
"opa, esse açaí é divino! ❤️🔥 @RestauranteFavorito #delicia #amominhavida",positive
"Peço espetinho aqui quando não tem nada melhor. É meh sempre, constante pelo menos @iFood #ifood #jantar",neutral
"eita, esse pizza calabresa é nota mil! vale muito a pena kkkkk @iFood #fome #amominhavida",positive
"eita, esse burrito é perfeito! melhor do bairro @BurgerKingBR #amominhavida #delicia",positive
"@SushidaEsquina nada vazou, chegou quentinho, pudim com sabor de outro nível. nota 10! #fome #recomendo",positive
@iFood Já é a décima vez que peço costela aqui. Sempre fantástico! #recomendo #perfeito,positive
Entrega rápida pelo menos. Churros ok sei lá @Delivery #ok #jantar,neutral
"@ProconSP oxe, achei inseto no meu porção de calabresa! sem condições 👎👎 #pessimo #nuncaMais",negative
"@ZehDelivery sábado à noite pedi torta salgada e não me arrependi! delicioso, entrega super rápida. show de bola rs #comidaboa #amominhavida",positive
Pedi shawarma pra família toda e todo mundo adorou! Espetacular. já virou meu favorito haha @SushidaEsquina #amominhavida #fome,positive
"peço sorvete aqui quando não tem nada melhor. é meh sempre, constante pelo menos @Delivery #jantar #ifood",neutral
@ProconSP comi macarrão e passei mal a noite toda. dor de barriga terrível. quero meu dinheiro de volta #nuncaMais #procon,negative
"sei lá, crepe básico. n tenho muito o que falar nada a declarar @Fome #ok #jantar",neutral
primeira vez pedindo ramen aqui e já virou favorito. magistral! recomendo demais 👏 @Mcdonalds_BR #delicia #comidaboa,positive
restaurante cancelou meu frango à passarinho depois de 60 min esperando. vou denunciar @ProconSP #pessimo #nuncaMais,negative
Bobó de camarão até bom mas não vale o preço. No geral serve @Delivery #almoço #delivery,neutral
@ZehDelivery uramaki com tempero especial e entrega rápida. podem pedir #amominhavida #recomendo,positive
esperava menos do pão de queijo mas veio mais ou menos. normal @iFood #ifood #almoço,neutral
costela veio mal passado! quase passei mal @PizzaFria #fome #indignado,negative
"Comida temperatura perfeita, embalagem caprichada. Churrasco no box perfeito! @iFood #perfeito #comidaboa",positive
"@ZehDelivery comida bem quente ainda, embalagem top. salada de cair o queixo! #delicia #comidaboa",positive
@BurgerKingBR Tava morrendo de vontade de comer feijoada e esse tava melhor que já comi! Matou a vontade #sextou #amominhavida,positive
"@iFood Sábado à noite pedi bolo e não me arrependi! Impecável, entrega super rápida. vou pedir sempre #comidaboa #delicia",positive
@RestauranteFavorito vieram com bilhetinho fofo e o cuscuz tava de outro nível! que atendimento ❤️ kk #perfeito #fome,positive
pedido de madrugada e mesmo assim o feijoada veio sensacional. chegou em 15 min! @iFood #delicia #comidaboa,positive
pedido de madrugada e mesmo assim o parmegiana veio excelente. chegou antes do previsto! @Mcdonalds_BR #delicia #amominhavida,positive
"@RestauranteFavorito poke bowl top, chegou voando, barato pelo que entrega  #delicia #recomendo",positive
"@PizzaFria pedido incompleto, faltou a bebida. batata frita ainda veio horrível 🤮 #procon #fome",negative
@Fome Porção de calabresa até que tava bom mas podia ser maior. whatever #almoço #ok,neutral
@ZehDelivery Moqueca de outro nível #amominhavida #recomendo,positive
"@Fome Peço pizza 4 queijos aqui quando não tem nada melhor. É aceitável sempre, constante pelo menos #comida #jantar",neutral
Vieram com bilhetinho fofo e o strogonoff tava magistral! Que atendimento ❤️ @Mcdonalds_BR #sextou #recomendo,positive
"pedido incompleto, faltou o molho. coxinha ainda veio lixo @ProconSP #pessimo #indignado",negative
@iFood Tava morrendo de vontade de comer sanduíche natural e esse tava 10/10! Matou a vontade  😋 kkkkk #amominhavida #perfeito,positive
"poke bowl top, veio rapidinho, vale cada centavo  👍 @Mcdonalds_BR #fome #recomendo",positive
entregador foi grosso e o esfiha aberta chegou frio. lamentável @ReclameAQUI #decepcao #fome,negative
pedido de madrugada e mesmo assim o esfiha aberta veio absurdamente bom. chegou voando! @RestauranteFavorito #fome #perfeito,positive
Veio todo revirado! Milk shake todo misturado. arrependimento puro @iFoodBrasil #fome #indignado,negative
Açaí: sabor razoável mas entregador muito educado. Compensa mais pela entrega @Fome #ifood #delivery,neutral
@Delivery Prato executivo até que tava bom mas embalagem poderia ser melhor. fazer o que #jantar #almoço,neutral
primeira vez pedindo moqueca aqui e já virou favorito. fantástico! super recomendo @RestauranteFavorito #perfeito #fome,positive
"Pedido incompleto, faltou metade do pedido. Macarrão ainda veio horrível @AtendimentoRuim #indignado #fome",negative
pedi burrito e veio moqueca. tudo errado! quero meu dinheiro de volta @AtendimentoRuim #decepcao #indignado,negative
@PizzaFria Parmegiana veio um desastre e o suporte do iFood não resolveu nada. quero meu dinheiro de volta #pessimo #indignado,negative
Quantidade boa demais e sabor de cair o queixo. Custo benefício ótimo. 😍😍 ahahah @BurgerKingBR #perfeito #amominhavida,positive
@PizzaFria Arroz carreteiro veio decepcionante e o suporte do iFood não resolveu nada. nunca mais peço #procon #descaso,negative
@iFood Strogonoff na média... #comida #delivery,neutral
Tava morrendo de vontade de comer cheesecake e esse tava fantástico! Matou a vontade @ZehDelivery #comidaboa #recomendo,positive
motoboy jogou na porta e o sanduíche natural chegou horrível. vou denunciar @ProconSP #decepcao #indignado,negative
"dei mais uma chance pro burrito deles e de novo veio intragável. dessa vez é definitivo, passem longe @ProconSP #indignado #fome",negative
@ZehDelivery amigo indicou esse açaí no copo e realmente é sublime. 5 estrelas merecidas #amominhavida #perfeito,positive
"@iFood comida chegou quentinho, embalagem top. pizza calabresa top demais! #amominhavida #recomendo",positive
Pizza margherita nada demais. nada a declarar @iFood #ifood #comida,neutral
Dadinhos de tapioca: sabor básico mas entrega super rápida. Compensa mais pela entrega @Delivery #comida #delivery,neutral
@iFood Meus amigos adoram o tapioca daqui mas eu acho nada demais. Vai de cada um sem mais #jantar #ifood,neutral
@Fome Pão de queijo até bão mas roubaram no preço. No geral sem sal sem açúcar #almoço #ifood,neutral
Restaurante cancelou meu churrasco no box depois de 60 min esperando. 0 estrelas se pudesse @ProconSP #nuncaMais #fome,negative
"costela top, motoboy gente boa demais, barato pelo que entrega  @SushidaEsquina #sextou #comidaboa",positive
@iFood coxinha: sabor meh mas chegou antes do previsto. compensa mais pela entrega #delivery #jantar,neutral
Picanha veio com sangue! Quase passei mal @PizzaFria #decepcao #procon,negative
"@ZehDelivery sábado à noite pedi risoto e não me arrependi! incrível, entrega super rápida. show de bola #sextou #perfeito",positive
"@iFood Pedi risoto por falta de opção. Veio básico, nada que me faça pedir de novo haha #ifood #jantar",neutral
"Pedi pad thai por falta de opção. Veio dá pro gasto, nada que me faça pedir de novo @iFood #ifood #almoço",neutral
@Mcdonalds_BR Crepe com tempero perfeito e embalagem top. vou pedir sempre #sextou #fome,positive
@ReclameAQUI Beirute sem noção e ainda por cima muito caro pra pouca comida. arrependimento puro #indignado #pessimo,negative
"@Delivery pedi porção de calabresa por falta de opção. veio aceitável, nada que me faça pedir de novo #almoço #comida",neutral
@SushidaEsquina Amigo indicou esse esfirra e realmente é surpreendente. voltarei com certeza #perfeito #recomendo,positive
@iFood Moqueca até bom mas não vale o preço. No geral na média #ok #almoço,neutral
Sushi veio com sangue! Quase passei mal 😠 @PizzaFria #fome #decepcao,negative
não esperava muito mas o poke bowl me surpreendeu demais! incrível  😍 @iFood #fome #sextou,positive
@RestauranteFavorito não esperava muito mas o acarajé me surpreendeu demais! fantástico #fome #perfeito,positive
@ReclameAQUI comi bauru e passei mal a noite toda. intoxicação alimentar. 0 estrelas se pudesse #decepcao #indignado,negative
Pudim horrível e ainda por cima muito caro pra pouca comida. péssimo atendimento @ProconSP #pessimo #procon,negative
@Almoco Virado à paulista nada demais. é isso kk #jantar #ifood,neutral
@Delivery meus amigos adoram o bauru daqui mas eu acho nada demais. vai de cada um whatever #comida #ifood,neutral
Strogonoff até que tava bom mas tempero fraco. sem mais @Fome #delivery #ok,neutral
bolinho de bacalhau fantástico @Mcdonalds_BR #delicia #recomendo,positive
meus amigos adoram o pizza doce daqui mas eu acho razoável. vai de cada um sem mais @Delivery #comida #delivery,neutral
"@ZehDelivery Comida temperatura perfeita, embalagem caprichada. Gyoza de cair o queixo! #recomendo #sextou",positive
pizza 4 queijos com cheiro ruim. sem condições! quero meu dinheiro de volta @iFoodBrasil #nuncaMais #indignado,negative
"melhor brigadeiro que já pedi no ifood. fantástico, entregador muito educado @SushidaEsquina #sextou #recomendo",positive
@AtendimentoRuim restaurante cancelou meu ramen depois de 50 min esperando. decepção total #nuncaMais #fome,negative
Pão de queijo veio mal passado! Quase passei mal @iFoodBrasil #procon #fome,negative
"@Fome Não é ruim mas tbm não é bom. Feijoada ok, enfim #ifood #almoço",neutral
pqp! esse tropeiro me fez chorar de tão bom  ❤️🔥 @RestauranteFavorito #amominhavida #recomendo,positive
"@Delivery sei lá, pad thai razoável. n tenho muito o que falar nada a declarar #almoço #jantar",neutral
Pizza portuguesa de cair o queixo @Mcdonalds_BR #fome #comidaboa,positive
@AtendimentoRuim Esfirra com tempero exagerado. Impossível comer #descaso #indignado,negative
Vieram com bilhetinho fofo e o acarajé tava top demais! Que atendimento ❤️ @RestauranteFavorito #delicia #fome,positive
"@iFood caldinho de feijão top, entregador muito educado, vale cada centavo  #fome #comidaboa",positive
"Melhor quibe que já pedi no iFood. Top demais, motoboy gente boa demais @ZehDelivery #recomendo #comidaboa",positive
"Sábado à noite pedi virado à paulista e não me arrependi! Sublime, chegou em 15 min. já virou meu favorito @iFood #delicia #comidaboa",positive
@iFood vieram com bilhetinho fofo e o ramen tava sensacional! que atendimento ❤️ #fome #delicia,positive
@iFood Bobó de camarão até bom mas preço absurdo. No geral meh #comida #jantar,neutral
Já é a quarta vez que peço hot roll aqui. Sempre de outro nível! kkkk @RestauranteFavorito #perfeito #recomendo,positive
"Melhor feijoada que já pedi no iFood. Sublime, chegou antes do previsto @Mcdonalds_BR #sextou #comidaboa",positive
@ReclameAQUI Fiquei com fome de marmitex e não vale o preço. fiquei p da vida #descaso #decepcao,negative
"@ZehDelivery tudo organizadinho, bem quente ainda, arroz carreteiro com sabor espetacular. nota 10! kkkk #delicia #fome",positive
@ZehDelivery Muito bem servido e sabor surpreendente. Custo benefício ótimo. podem pedir #sextou #amominhavida,positive
"burrito veio parecido com a foto, sabor na média. é isso @iFood #jantar #ok",neutral
Arroz carreteiro sem noção e ainda por cima roubaram no preço. fiquei p da vida @ReclameAQUI #descaso #procon,negative
"Melhor churros que já pedi no iFood. Delicioso, chegou voando @Mcdonalds_BR #delicia #recomendo",positive
"Gyoza nada a ver com a foto do cardápio. Intragável, fiquei com fome. péssima experiência @ProconSP #descaso #indignado",negative
entrega rápida pelo menos. pizza calabresa razoável tanto faz @Fome #comida #almoço,neutral
"@iFood Peço caldinho de feijão aqui quando não tem nada melhor. É normal sempre, constante pelo menos ahahah #ok #comida",neutral
@Delivery esperava diferente do pizza 4 queijos mas veio serve. 🤷‍♂️ #almoço #ifood,neutral
@SushidaEsquina churrasco no box de cair o queixo #perfeito #sextou,positive
"Sushi não empolga, né @iFood #jantar #ok",neutral
Não esperava muito mas o virado à paulista me surpreendeu demais! Espetacular @BurgerKingBR #sextou #fome,positive
Shawarma fora de série! super recomendo @BurgerKingBR #comidaboa #amominhavida,positive
Uramaki: sabor normal mas chegou voando. Compensa mais pela entrega kkkk @Almoco #comida #almoço,neutral
@ReclameAQUI polenta frita sofrível! passem longe #nuncaMais #fome,negative
"@Delivery Açaí no copo igual qualquer outro do bairro. Normal, sem destaque #jantar #comida",neutral
"@ProconSP Pedido incompleto, faltou a sobremesa. Salada ainda veio uma piada de mau gosto #fome #indignado",negative
@RestauranteFavorito Amigo indicou esse crepe e realmente é de outro nível. recomendo pra geral #perfeito #fome,positive
açaí sem noção vou denunciar @ReclameAQUI #pessimo #indignado,negative
"Pedido incompleto, faltou a sobremesa. Esfirra ainda veio deplorável @iFoodBrasil #indignado #nuncaMais",negative
"@ZehDelivery Chegou antes do previsto, macarrão chegou absurdamente bom. já virou meu favorito #recomendo #sextou",positive
bobó de camarão ok. 🤷 @Fome #jantar #ifood,neutral
pedi salada pra família toda e todo mundo adorou! demais. ❤️🔥 kkkkk @ZehDelivery #fome #sextou,positive
Paguei R$90 num bolo que não vale nem R$20. Absurdo! @PizzaFria #pessimo #descaso,negative
"@AtendimentoRuim Meu, esse prato executivo é ridículo! 0 estrelas se pudesse #pessimo #descaso",negative
"pedido incompleto, faltou metade do pedido. hambúrguer ainda veio inadmissível 😒 @AtendimentoRuim #indignado #decepcao",negative
@iFood pizza calabresa dá pro gasto #jantar #delivery,neutral
"@iFood wrap veio parecido com a foto, sabor é o que é. foi isso #ok #ifood",neutral
"@iFoodBrasil Espetinho nada a ver com a foto do cardápio. Decepcionante, quantidade ridícula. péssimo atendimento #descaso #procon",negative
Prato executivo veio com sangue! Quase passei mal @iFoodBrasil #indignado #pessimo,negative
"nada vazou, bem quente ainda, virado à paulista com sabor magistral. nota 10! @iFood #perfeito #delicia",positive
@Almoco Bolo razoável. sem mais #ok #ifood,neutral
@ZehDelivery pedi bolinho de bacalhau pra família toda e todo mundo adorou! espetacular. recomendo demais 👏 #amominhavida #recomendo,positive
"@Mcdonalds_BR Sábado à noite pedi marmita e não me arrependi! Incrível, delivery surpreendeu. peçam sem medo #perfeito #delicia",positive
"@iFoodBrasil Churrasco no box nada a ver com a foto do cardápio. Intragável, porção minúscula. nota 0 #procon #fome",negative
uramaki veio mal passado! quase passei mal @ReclameAQUI #fome #pessimo,negative
"@ProconSP Eitaaa, esse acarajé é deplorável! uma piada 💩 #fome #decepcao",negative
"@RestauranteFavorito Melhor brownie que já pedi no iFood. Impecável, delivery surpreendeu #sextou #recomendo",positive
frango grelhado: sabor sem sal sem açúcar mas chegou voando. compensa mais pela entrega @Fome #ok #jantar,neutral
@ReclameAQUI Sacola rasgada! Cuscuz todo misturado. 🤮 #nuncaMais #fome,negative
"@SushidaEsquina comida chegou quentinho, tudo organizadinho. fraldinha show! #fome #sextou",positive
@AtendimentoRuim Crepe com mofo. Absurdo! 👎👎 #decepcao #descaso,negative
"Melhor sanduíche natural que já pedi no iFood. Excelente, entregador muito educado @SushidaEsquina #perfeito #fome",positive
Muito bem servido e sabor de outro nível. Preço justo. super recomendo @Mcdonalds_BR #recomendo #comidaboa,positive
"@SushidaEsquina mds, esse polenta frita é surpreendente! recomendo demais 👏 #sextou #fome",positive
"@Almoco Marmita igual qualqr outro do bairro. Básico, sem destaque #jantar #ok",neutral
"pedido incompleto, faltou o molho. cachorro quente ainda veio nojento @PizzaFria #indignado #nuncaMais",negative
"@Mcdonalds_BR comida chegou quentinho, nada vazou. pizza espetacular! #fome #perfeito",positive
"Pastel veio parecido com a foto, sabor dá pro gasto. vida que segue @Fome #jantar #comida",neutral
Uramaki com pimenta demais. Impossível comer 👎 @AtendimentoRuim #descaso #indignado,negative
Pedi burrito e veio hot roll. Inaceitável! fiquei p da vida @AtendimentoRuim #decepcao #fome,negative
"@iFood tropeiro top, entregador muito educado, preço justo  😎 #delicia #recomendo",positive
bicho! esse macarrão me fez chorar de tão bom  podem pedir @RestauranteFavorito #delicia #comidaboa,positive
@ZehDelivery tava morrendo de vontade de comer pizza calabresa e esse tava excelente! matou a vontade #perfeito #recomendo,positive
@iFood Pedido de madrugada e mesmo assim o batata frita veio surpreendente. motoboy gente boa demais! rs #recomendo #fome,positive
"@BurgerKingBR Sábado à noite pedi pizza 4 queijos e não me arrependi! Fantástico, delivery surpreendeu. 🤤👏 #recomendo #sextou",positive
rapaz! esse palha italiana me fez chorar de tão bom  ❤️🔥 @BurgerKingBR #fome #recomendo,positive
Amigo indicou esse arroz carreteiro e realmente é delicioso. 5 estrelas merecidas @SushidaEsquina #comidaboa #sextou,positive
@iFoodBrasil Sacola rasgada! Churrasco no box todo amassado. arrependimento puro #procon #fome,negative
pedido de madrugada e mesmo assim o marmitex veio top demais. chegou em 15 min! @RestauranteFavorito #comidaboa #amominhavida,positive
amigo indicou esse sashimi e realmente é impecável. vale muito a pena @RestauranteFavorito #sextou #fome,positive
"@SushidaEsquina Delivery nota 10, pad thai chegou perfeito. melhor do bairro #comidaboa #amominhavida",positive
"Pedi cuscuz por falta de opção. Veio mediano, nada que me faça pedir de novo @iFood #jantar #comida",neutral
Não esperava muito mas o frango grelhado me surpreendeu demais! Sublime @SushidaEsquina #delicia #fome,positive
@ProconSP pouca comida de pastel e roubaram no preço. quero meu dinheiro de volta #descaso #fome,negative
"@RestauranteFavorito Sábado à noite pedi crepe e não me arrependi! Nota mil, chegou em 15 min. super recomendo #amominhavida #recomendo",positive
sanduíche natural até bom mas preço absurdo. no geral normal @Almoco #ifood #jantar,neutral
Embalagem aberta! Bolinho de bacalhau todo destruído. uma piada @ProconSP #procon #pessimo,negative
"fraldinha veio parecido com a foto, sabor ok. whatever kkkkkk @Almoco #ifood #delivery",neutral
@Almoco Entrega rápida pelo menos. Churrasco no box na média blz #delivery #ok,neutral
"@RestauranteFavorito chegou voando, bauru chegou surreal. melhor do bairro ahahah #fome #comidaboa",positive
Vieram com bilhetinho fofo e o beirute tava chef's kiss! Que atendimento ❤️ kkkkk @RestauranteFavorito #amominhavida #sextou,positive
"@BurgerKingBR comida bem quente ainda, embalagem top. bauru show! kkkk #recomendo #delicia",positive
"@ReclameAQUI Pedido incompleto, faltou metade do pedido. Moqueca ainda veio decepcionante #indignado #decepcao",negative
"@Almoco Não é ruim mas tbm não é bom. Pudim dá pro gasto, tanto faz #almoço #comida",neutral
"@iFood sei lá, costela razoável. n tenho muito o que falar blz #ifood #delivery",neutral
"@iFoodBrasil pedido incompleto, faltou o acompanhamento. pizza portuguesa ainda veio ridículo 😭 #fome #indignado",negative
Pedi risoto pra família toda e todo mundo adorou! Top demais. 🤤👏 @RestauranteFavorito #delicia #amominhavida,positive
@Mcdonalds_BR pedi acarajé pra família toda e todo mundo adorou! nota 10. super recomendo #perfeito #recomendo,positive
"Peço prato executivo aqui quando não tem nada melhor. É é o que é sempre, constante pelo menos @Fome #comida #ifood",neutral
"@iFood sei lá, pizza calabresa aceitável. n tenho muito o que falar normal #jantar #ifood",neutral
"@Mcdonalds_BR comida temperatura perfeita, bem embalado. marmitex demais! kkkk #recomendo #delicia",positive
amigo indicou esse combo lanche e realmente é show. recomendo pra geral @Mcdonalds_BR #perfeito #sextou,positive
"Nhoque veio parecido com a foto, sabor tanto faz. whatever @Delivery #almoço #jantar",neutral
Já é a quarta vez que peço tropeiro aqui. Sempre incrível! @RestauranteFavorito #fome #amominhavida,positive
@AtendimentoRuim Costela absurdo e ainda por cima roubaram no preço. 🤮 #descaso #procon,negative
@PizzaFria Quantidade ridícula de espetinho e preço absurdo. péssimo atendimento #descaso #fome,negative
já é a décima vez que peço esfiha aberta aqui. sempre surpreendente! @iFood #perfeito #comidaboa,positive
@Almoco esperava menos do risoto mas veio na média. 🤷 #ok #ifood,neutral
Polenta frita ridículo fujam desse lugar @ReclameAQUI #indignado #descaso,negative
"@iFood Costela igual qualquer outro do bairro. Razoável, sem destaque rsrs #jantar #ifood",neutral
Motoboy jogou na porta e o pizza calabresa chegou horrível. péssima experiência @PizzaFria #decepcao #indignado,negative
@ProconSP Polenta frita ridículo e ainda por cima não vale o preço. uma vergonha #pessimo #procon,negative
@ReclameAQUI Comi picanha e passei mal a noite toda. Intoxicação alimentar. 0 estrelas se pudesse #fome #decepcao,negative
@PizzaFria Embalagem horrível! Sanduíche natural todo amassado. uma vergonha #procon #fome,negative
@PizzaFria paguei r$90 num marmitex que não vale nem r$10. lixo! #descaso #nuncaMais,negative
"Sábado à noite pedi cachorro quente e não me arrependi! 10/10, entregador muito educado. podem pedir @SushidaEsquina #sextou #recomendo",positive
quantidade boa demais e sabor demais. preço justo. já virou meu favorito @Mcdonalds_BR #delicia #recomendo,positive
"Melhor empada que já pedi no iFood. Melhor que já comi, delivery surpreendeu @RestauranteFavorito #perfeito #amominhavida",positive
pedi temaki e veio costela. absurdo! fujam desse lugar @PizzaFria #decepcao #pessimo,negative
"@iFood lasanha veio parecido com a foto, sabor não empolga. tá bom né #almoço #delivery",neutral
"@iFood pedi combo família por falta de opção. veio ok, nada que me faça pedir de novo #ifood #jantar",neutral
@ZehDelivery tava morrendo de vontade de comer pizza calabresa e esse tava melhor que já comi! matou a vontade #delicia #amominhavida,positive
"pedido incompleto, faltou o molho. pizza portuguesa ainda veio inaceitável @AtendimentoRuim #indignado #procon",negative
"sei lá, prato executivo ok. n tenho muito o que falar vida que segue @Fome #ifood #almoço",neutral
Esfiha aberta veio com sangue! Quase passei mal 💩 @PizzaFria #descaso #nuncaMais,negative
"@RestauranteFavorito yakisoba top, delivery nota 10, vale cada centavo  ✨ haha #recomendo #fome",positive
vieram com bilhetinho fofo e o cheesecake tava divino! que atendimento ❤️ @ZehDelivery #comidaboa #delicia,positive
"@RestauranteFavorito Comida temperatura perfeita, tudo organizadinho. Temaki fora de série! #delicia #perfeito",positive
Véi! Esse hot roll me fez chorar de tão bom  podem pedir @Mcdonalds_BR #recomendo #perfeito,positive
"@Fome Peço pizza calabresa aqui quando não tem nada melhor. É razoável sempre, constante pelo menos kkkkk #ok #comida",neutral
@BurgerKingBR Tava morrendo de vontade de comer nhoque e esse tava absurdamente bom! Matou a vontade #delicia #sextou,positive
@BurgerKingBR não esperava muito mas o pad thai me surpreendeu dms! sublime #delicia #recomendo,positive
Pedido de madrugada e mesmo assim o churrasco no box veio de cair o queixo. entregador mto educado! @Mcdonalds_BR #comidaboa #recomendo,positive
espetinho até bom mas muito caro pra pouca comida. no geral tanto faz rs @Almoco #jantar #almoço,neutral
"Não é ruim mas tbm não é bom. Esfirra dá pro gasto, normal @Fome #ok #jantar",neutral
"@Almoco Peço açaí no copo aqui quando não tem nada melhor. É serve sempre, constante pelo menos #comida #almoço",neutral
"sei lá, tutu de feijão ok. n tenho muito o que falar tá bom né @iFood #jantar #ifood",neutral
"Beirute nd a ver com a foto do cardápio. Lixo, porção minúscula. não volto nunca mais @AtendimentoRuim #procon #descaso",negative
Polenta frita intragável! nota 0 @PizzaFria #fome #nuncaMais,negative
espetinho sofrível! fujam desse lugar @PizzaFria #decepcao #nuncaMais,negative
@Almoco Açaí até bom mas preço absurdo. No geral aceitável #almoço #comida,neutral
Comi açaí e passei mal a noite toda. Intoxicação alimentar. arrependimento puro @ReclameAQUI #decepcao #indignado,negative
Muito bem servido e sabor melhor que já comi. Barato pelo que entrega. 5 estrelas merecidas @BurgerKingBR #recomendo #comidaboa,positive
"@PizzaFria Dei mais uma chance pro wrap deles e de novo veio uma porcaria. Dessa vez é definitivo, 👎👎 #nuncaMais #pessimo",negative
@Mcdonalds_BR caramba! esse pizza 4 queijos me fez chorar de tão bom  🙏 super recomendo #perfeito #amominhavida,positive
@AtendimentoRuim espetinho veio com sangue! quase passei mal #pessimo #nuncaMais,negative
@BurgerKingBR Pedido de madrugada e mesmo assim o arroz carreteiro veio sublime. chegou em 15 min! #sextou #comidaboa,positive
@ReclameAQUI bolo com gosto de queimado. impossível comer #nuncaMais #fome,negative
"Dei mais uma chance pro pão de queijo deles e de novo veio uma piada de mau gosto. Dessa vez é definitivo, péssimo atendimento @PizzaFria #decepcao #indignado",negative
Comi feijoada e passei mal a noite toda. Intoxicação alimentar. vou denunciar @AtendimentoRuim #nuncaMais #indignado,negative
delivery uma vergonha e o churros chegou frio. arrependimento puro @ReclameAQUI #descaso #pessimo,negative
Tava morrendo de vontade de comer feijoada e esse tava excelente! Matou a vontade @Mcdonalds_BR #perfeito #comidaboa,positive
Pizza portuguesa veio decepcionante e o suporte do iFood não resolveu nada. fujam desse lugar @iFoodBrasil #indignado #decepcao,negative
entrega atrasou demais e o torresmo chegou péssimo. 0 estrelas se pudesse @ProconSP #procon #nuncaMais,negative
"@RestauranteFavorito Tudo organizadinho, chegou quentinho, torresmo com sabor absurdamente bão. Nota 10! #fome #comidaboa",positive
"@Fome prato executivo quase bom, falta sal. serve #comida #jantar",neutral
"@Delivery açaí igual qualquer outro do bairro. básico, sem destaque #ifood #delivery",neutral
"@Mcdonalds_BR Melhor marmitex que já pedi no iFood. Demais, delivery nota 10 #perfeito #delicia",positive
"sorvete quase bom, falta criatividade. na média @iFood #ifood #delivery",neutral
"@AtendimentoRuim combo lanche nada a ver com a foto do cardápio. péssimo, porção minúscula. arrependimento puro #pessimo #indignado",negative
@RestauranteFavorito Vieram com bilhetinho fofo e o frango à passarinho tava fora de série! q atendimento ❤️ #fome #comidaboa,positive
@PizzaFria Comi hot roll e passei mal a noite toda. Comida estragada. 👎👎 #indignado #descaso,negative
@BurgerKingBR Pedido de madrugada e mesmo assim o pad thai veio surreal. motoboy gente boa demais! kkkkk #perfeito #fome,positive
restaurante cancelou meu pizza doce depois de 50 min esperando. fujam desse lugar @PizzaFria #decepcao #fome,negative
@iFoodBrasil lasanha deplorável passem longe #decepcao #procon,negative
Primeira vez pedindo arroz carreteiro aqui e já virou favorito. Delicioso! recomendo pra geral @RestauranteFavorito #sextou #recomendo,positive
"Dei mais uma chance pro churros deles e de novo veio decepcionante. Dessa vez é definitivo, 😡😡 @ReclameAQUI #nuncaMais #procon",negative
"@Delivery Peço burrito aqui quando não tem nd melhor. É mais ou menos sempre, constante pelo menos #ok #jantar",neutral
"@AtendimentoRuim Nossa, esse esfiha aberta é nojento! fiquei p da vida #nuncaMais #decepcao",negative
"@iFoodBrasil hambúrguer nd a ver com a foto do cardápio. sem noção, veio pouco. 🤮 #pessimo #fome",negative
"delivery surpreendeu, brigadeiro chegou maravilhoso. melhor do bairro @SushidaEsquina #comidaboa #perfeito",positive
Brigadeiro: sabor serve mas entrega impecável. Compensa mais pela entrega @Almoco #delivery #almoço,neutral
"Nada vazou, chegou quentinho, shawarma com sabor show. Nota 10! rs @BurgerKingBR #recomendo #delicia",positive
"@PizzaFria pedido incompleto, faltou a sobremesa. wrap ainda veio um desastre 😠 #decepcao #procon",negative
quantidade boa demais e sabor de cair o queixo. preço justo. 10/10 sem dúvidas @SushidaEsquina #fome #recomendo,positive
entrega atrasou demais e o torta salgada chegou péssimo. arrependimento puro @iFoodBrasil #descaso #nuncaMais,negative
"@Almoco Panqueca quase bom, falta criatividade. Nada demais #comida #almoço",neutral
@Almoco Esperava mais do batata frita mas veio dá pro gasto. tá bom né #almoço #jantar,neutral
@ProconSP pizza doce veio terrível e o suporte do ifood n resolveu nada. nunca mais peço #indignado #procon,negative
Entregador foi grosso e o wrap chegou destruído. nota 0 @PizzaFria #decepcao #indignado,negative
@ReclameAQUI Gyoza veio intragável e o suporte do iFood não resolveu nada. não recomendo #fome #procon,negative
bolinho de bacalhau na média... @iFood #ok #comida,neutral
"@iFoodBrasil Dei mais uma chance pro quibe deles e de novo veio uma tristeza. Dessa vez é definitivo, 😡😡 #nuncaMais #procon",negative
"@iFood não é ruim mas tbm não é bom. acarajé mediano, 🤷‍♂️ #delivery #ok",neutral
Parmegiana até bom mas caro demais. No geral básico @Fome #jantar #almoço,neutral
"Embalagem caprichada, chegou quentinho, bolo com sabor sublime. Nota 10! kkkkk @BurgerKingBR #amominhavida #sextou",positive
@iFoodBrasil Pizza calabresa horrível! 🤮 #nuncaMais #fome,negative
@Fome strogonoff: sabor na média mas veio rapidinho. compensa mais pela entrega #ok #comida,neutral
Muito bem servido e sabor impecável. Preço justo. nota 10 merecida @Mcdonalds_BR #delicia #amominhavida,positive
Pedi ramen e veio macarrão. Tudo errado! nota 0 @iFoodBrasil #indignado #nuncaMais,negative
@iFood burrito até bom mas preço absurdo. no geral tanto faz #ok #jantar,neutral
"@ProconSP eitaaa, esse pizza portuguesa é um desastre! não volto nunca mais #procon #nuncaMais",negative
pastel até que tava bom mas embalagem poderia ser melhor. é isso @Delivery #almoço #delivery,neutral
Comi acarajé e passei mal a noite toda. Comida estragada. 0 estrelas se pudesse @ProconSP #pessimo #nuncaMais,negative
"@Almoco Parmegiana quase bom, falta tempero. É o que é kkkk #comida #delivery",neutral
"Dei mais uma chance pro macarrão deles e de novo veio inaceitável. Dessa vez é definitivo, lamentável @iFoodBrasil #descaso #procon",negative
pudim de cair o queixo @ZehDelivery #comidaboa #sextou,positive
"comida chegou quentinho, embalagem caprichada. cheesecake nota 10! kk @RestauranteFavorito #perfeito #comidaboa",positive
Entrega rápida pelo menos. Brigadeiro razoável blz @Delivery #ifood #delivery,neutral
@PizzaFria Yakisoba veio lixo e o suporte do iFood não resolveu nada. fiquei p da vida #procon #fome,negative
comi prato executivo e passei mal a noite toda. dor de barriga terrível. nota 0 @ProconSP #indignado #decepcao,negative
"dei mais uma chance pro beirute deles e de novo veio ridículo. dessa vez é definitivo, decepção total @ReclameAQUI #pessimo #descaso",negative
@iFood Bauru até bom mas preço absurdo. No geral meh haha #delivery #ifood,neutral
não esperava muito mas o combo lanche me surpreendeu demais! de outro nível @ZehDelivery #perfeito #sextou,positive
"@Mcdonalds_BR Comida chegou quentinho, embalagem top. Fraldinha impecável! #comidaboa #sextou",positive
@BurgerKingBR Pqp! Esse brigadeiro me fez chorar de tão bom  👏 amei ❤️ #perfeito #comidaboa,positive
@iFoodBrasil Tudo amassado! Fraldinha todo destruído. quero meu dinheiro de volta #indignado #descaso,negative
"nada vazou, bem quente ainda, churros com sabor melhor que já comi. nota 10! @ZehDelivery #comidaboa #amominhavida",positive
Pedido de madrugada e mesmo assim o sashimi veio maravilhoso. delivery nota 10! kk @BurgerKingBR #perfeito #delicia,positive
@iFoodBrasil Delivery uma vergonha e o bolo chegou horrível. péssima experiência #fome #decepcao,negative
@iFood Esperava menos do dadinhos de tapioca mas veio razoável. 🤷‍♂️ #ok #delivery,neutral
@Mcdonalds_BR Amigo indicou esse dadinhos de tapioca e realmente é perfeito. melhor do bairro #delicia #recomendo,positive
@iFood churrasco no box sensacional! show de bola rs #recomendo #perfeito,positive
Pedi empada e veio açaí. Pedido trocado! decepção total @PizzaFria #indignado #decepcao,negative
"Véi, esse fraldinha é vergonhoso! fiquei p da vida @iFoodBrasil #indignado #procon",negative
@ProconSP esfirra com inseto. uma tristeza! uma piada #nuncaMais #descaso,negative
@ReclameAQUI Acarajé com aparência horrível. Péssimo! fiquei p da vida #nuncaMais #fome,negative
@Fome Bolinho de bacalhau dá pro gasto... kkkkk #ifood #jantar,neutral
"Melhor strogonoff que já pedi no iFood. Surpreendente, veio rapidinho @iFood #amominhavida #delicia",positive
@RestauranteFavorito primeira vez pedindo frango grelhado aqui e já virou favorito. sublime! podem pedir #sextou #perfeito,positive
pedi picanha pra família toda e todo mundo adorou! surreal. melhor do bairro haha @iFood #recomendo #amominhavida,positive
Mds! Esse empada me fez chorar de tão bom  peçam sem medo kk @BurgerKingBR #delicia #amominhavida,positive
"@PizzaFria x-tudo nada a ver com a foto do cardápio. um desastre, fiquei com fome. decepção total #descaso #decepcao",negative
@ReclameAQUI Frango grelhado com cheiro ruim. Péssimo! péssimo atendimento #indignado #procon,negative
"comida chegou quentinho, bem embalado. churrasco no box excelente! kkkkkk @ZehDelivery #delicia #fome",positive
"@AtendimentoRuim Pedido incompleto, faltou o acompanhamento. Bobó de camarão ainda veio deplorável 😑 #nuncaMais #descaso",negative
Já é a quinta vez q peço poke bowl aqui. Sempre nota mil! @ZehDelivery #perfeito #comidaboa,positive
"@ReclameAQUI entrega atrasou demais, temperatura péssima. tapioca intragável. não recomendo #nuncaMais #procon",negative
Churrasco no box veio cru! Quase passei mal @AtendimentoRuim #pessimo #decepcao,negative
"tá louco, esse uramaki é uma tristeza! nunca mais peço @ProconSP #indignado #procon",negative
"Mano, achei cabelo no meu acarajé! Sem condições uma piada @AtendimentoRuim #procon #indignado",negative
@Almoco Hambúrguer até bom mas preço absurdo. No geral nada demais #jantar #delivery,neutral
@iFood não esperava muito mas o churros me surpreendeu demais! sensacional #amominhavida #recomendo,positive
"@ReclameAQUI Pedido incompleto, faltou metade do pedido. Esfirra ainda veio inadmissível #indignado #descaso",negative
arroz carreteiro é o que é @Fome #ok #jantar,neutral
"@iFood Gente, esse strogonoff é fantástico! peçam sem medo #sextou #amominhavida",positive
"Poke bowl veio parecido com a foto, sabor normal. nada a declarar @Fome #ok #jantar",neutral
"Tá louco, esse pizza é espetacular! ❤️🔥 @Mcdonalds_BR #delicia #amominhavida",positive
Veio pouco de sanduíche natural e muito caro pra pouca comida. vou denunciar @PizzaFria #indignado #decepcao,negative
@iFood Slk! Esse milk shake me fez chorar de tão bom  🥰 parabéns ao chef 👨‍🍳 #delicia #comidaboa,positive
empada sensacional! ❤️🔥 @Mcdonalds_BR #comidaboa #delicia,positive
Tava morrendo de vontade de comer cheesecake e esse tava 10/10! Matou a vontade  🤩 @Mcdonalds_BR #comidaboa #sextou,positive
"dei mais uma chance pro quibe deles e de novo veio péssimo. dessa vez é definitivo, uma vergonha @AtendimentoRuim #procon #pessimo",negative
"@Delivery Bobó de camarão igual qualquer outro do bairro. É o que é, sem destaque #ok #delivery",neutral
"Não é ruim mas tbm não é bom. Açaí no copo tanto faz, ok né @iFood #almoço #comida",neutral
"Pedi macarrão por falta de opção. Veio sem sal sem açúcar, nada que me faça pedir de novo @Fome #ifood #almoço",neutral
Já é a quinta vez que peço cuscuz aqui. Sempre surreal! @iFood #delicia #sextou,positive
Pedido de madrugada e mesmo assim o caldinho de feijão veio absurdamente bom. delivery nota 10! @iFood #recomendo #fome,positive
"Pizza veio parecido com a foto, sabor básico. ok né @Delivery #delivery #ifood",neutral
Veio pouco de beirute e não vale o preço. péssima experiência @ReclameAQUI #nuncaMais #fome,negative
"@BurgerKingBR esfiha aberta top, chegou em 15 min, vale cada centavo  kkkk #recomendo #sextou",positive
